ELRA-W0182	v1	3651	3651/13183	27.69
ELRC-481-Polish_Foreign_Affai	v1	3651	3651/13183	27.69
ELRA-W0184	v1	3573	3573/13183	27.10
ELRC-483-Polish_Foreign_Affai	v1	3573	3573/13183	27.10
ELRA-W0235	v1	3564	3564/13183	27.03
ELRC-813-Polish_Foreign_Affai	v1	3564	3564/13183	27.03
ELRA-W0183	v1	2406	2406/13183	18.25
ELRC-482-Polish_Foreign_Affai	v1	2406	2406/13183	18.25
ParaCrawl	v9	877766608	472/13183	3.58
CCAligned	v1	405094222	462/13183	3.50
JRC-Acquis	v3.0	1923776	306/13183	2.32
ELRC-4248-NTEU_TierA	v1	12854274	287/13183	2.17
ELRC-4268-NTEU_TierA	v1	11782507	282/13183	2.13
ELRC-4269-NTEU_TierA	v1	7234848	269/13183	2.04
ELRC-4271-NTEU_TierA	v1	7211577	264/13183	2.00
giga-fren	v2	20786998	259/13183	1.96
ELRC-4239-NTEU_TierA	v1	11906559	246/13183	1.86
OpenSubtitles	v2018	102548132	243/13183	1.84
ELRC-4270-NTEU_TierA	v1	7252413	241/13183	1.82
EuroPat	v3	79873063	240/13183	1.82
EuroPat	v2	70531170	235/13183	1.78
ELRC-396-Foreign_Affairs_Norw	v1	669717	228/13183	1.72
ELRC-4154-NTEU_TierA	v1	7119873	228/13183	1.72
TildeMODEL	v2018	5686357	224/13183	1.69
wikimedia	v20210402	11389460	213/13183	1.61
EuroPat	v1	22132306	197/13183	1.49
Wikipedia	v1.0	7646905	194/13183	1.47
ELRC-4142-NTEU_TierA	v1	2152367	192/13183	1.45
QED	v2.0a	7299297	185/13183	1.40
SciELO	v1	3061142	183/13183	1.38
memat	v1	145098	178/13183	1.35
UNPC	v1.0	23776005	178/13183	1.35
EhuHac	v1	596213	174/13183	1.31
wikimedia	v20190628	352711	159/13183	1.20
XhosaNavy	v1	49263	157/13183	1.19
ELRC-EUIPO_law	v1	485617	141/13183	1.06
ELRC-1077-EUIPO_law	v1	249932	140/13183	1.06
ELRA-W0234	v1	7172	132/13183	1.00
ELRC-837-Legal	v1	1291	129/13183	.97
ELITR-ECA	v1	11446	116/13183	.87
ELRC-845-Corpora_legal_text	v1	924	114/13183	.86
SPC	v1	59926	109/13183	.82
Bianet	v1	43553	107/13183	.81
Joshua-IPC	v1	198174	107/13183	.81
GlobalVoices	v2018q4	1154583	105/13183	.79
ELRC-5067-SciPar	v1	9198848	104/13183	.78
pmindia	v1	80655	102/13183	.77
GoURMET	v1	1541708	95/13183	.72
ELRC-768-corpora_State_Admini	v1	49864	91/13183	.69
OpenSubtitles	v1	1598451	90/13183	.68
ELRC-1084-Agencia_Tributaria	v1	17477	88/13183	.66
MIZAN	v1	1016854	88/13183	.66
ELRA-W0206	v1	4123	78/13183	.59
ELRC-654-Romanian_Ombudsman_a	v1	4123	78/13183	.59
WikiMatrix	v1	47707259	75/13183	.56
ELRA-W0138	v1	90058	70/13183	.53
ELRC-1075-EUIPO_law	v1	90058	70/13183	.53
ELRC-425-Lithuanian_legislati	v1	126666	68/13183	.51
Europarl	v8	2375417	67/13183	.50
ELRC-84-Dutch_Government	v1	6506	66/13183	.50
EUbookshop	v2	46038769	66/13183	.50
ELRC-899-Danish_FSA	v1	2008	64/13183	.48
EMEA	v3	316149	63/13183	.47
ELRC-4329-PRINCIPLE_MVEP_legal	v1	41525	62/13183	.47
ELRA-W0142	v1	2394	61/13183	.46
ELRC-1080-Acts_Biological_Land	v1	2394	61/13183	.46
GlobalVoices	v2017q3	1091521	59/13183	.44
ELRC-Secretariat_General	v1	113374	58/13183	.43
ELRC-1000-legislation_Bulgaria	v1	5183	57/13183	.43
ELRA-W0191	v1	61046	54/13183	.40
ELRC-490-Secretariat_General_	v1	61046	54/13183	.40
ELRC-1076-EUIPO_law	v1	114632	53/13183	.40
ELRA-W0226	v1	11061	52/13183	.39
ELRC-788-Croatian_Bank	v1	11061	52/13183	.39
EUconst	v1	6683	52/13183	.39
GlobalVoices	v2015	954153	52/13183	.39
ELRC-1806-Norwegian_Bokml_Ames	v1	279832	51/13183	.38
CCMatrix	v1	1341614085	50/13183	.37
ELRA-W0167	v1	42999	50/13183	.37
ELRC-429-Legal_Estonian_Justi	v1	42999	50/13183	.37
ELRC-1805-Norwegian_Bokml_Ames	v1	47595	49/13183	.37
ELRC-408-transport	v1	3230	48/13183	.36
ELRC-annual_reports	v1	18771	48/13183	.36
ELRC-2542-Agriculture	v1	66597	47/13183	.35
ELRA-W0137	v1	6024	45/13183	.34
ELRA-W0186	v1	2462	45/13183	.34
ELRC-1073-annual_reports_Slova	v1	6024	45/13183	.34
ELRC-591-www.lb.lt	v1	31709	45/13183	.34
ELRC-Bulgarian_strategic	v1	4704	43/13183	.32
ELRA-W0173	v1	1169	42/13183	.31
ELRC-427-Electronic_Exchange_	v1	9513	42/13183	.31
ELRC-471-Bugarian_Revenue	v1	1169	42/13183	.31
ELRC-485-Civil_Aviation_Regul	v1	2403	42/13183	.31
ELRC-437-Bulgarian_strategic_	v1	2587	41/13183	.31
ELRC-1078-EUIPO_law	v1	35026	39/13183	.29
ELRC-5125-IRC_Conditions_award	v1	456	39/13183	.29
ELRA-W0243	v1	12537	38/13183	.28
ELRC-5126-IRC_Early_Career	v1	552	38/13183	.28
ELRC-5145-Roinn_an_Dl	v1	494	38/13183	.28
ELRC-842-Quarterly_Reports_Pa	v1	12537	38/13183	.28
ELRC-government_websites	v1	43383	37/13183	.28
ELRA-W0244	v1	14622	36/13183	.27
ELRC-817-Swedish_Audit_Riksre	v1	28527	36/13183	.27
ELRC-843-collection_reports_G	v1	14622	36/13183	.27
ELRA-W0201	v1	35003	34/13183	.25
ELRC-630-BMVI_Publications	v1	11709	34/13183	.25
ELRC-638-Luxembourg.lu	v1	35003	34/13183	.25
ELRC-417-Swedish_Work_Environ	v1	7028	33/13183	.25
ELRC-847-mst.dk	v1	37397	33/13183	.25
ELRC-EMEA	v1	806234	33/13183	.25
ELRC-Regional_Development	v1	9296	33/13183	.25
News-Commentary	v11	362778	33/13183	.25
News-Commentary	v14	530397	33/13183	.25
News-Commentary	v16	633326	33/13183	.25
ELRA-W0282	v1	1354	32/13183	.24
ELRC_2682	v1	779183	32/13183	.24
ELRC-962-Regional_Development	v1	1354	32/13183	.24
SUMMA	v1	89864	32/13183	.24
ELRC-antibiotic	v1	1578	31/13183	.23
News-Commentary	v9.0	328698	31/13183	.23
News-Commentary	v9.1	328698	31/13183	.23
ELRC-518-www.regjeringen.no	v1	142770	30/13183	.22
ELRC-848-laegemiddelstyrelsen	v1	22183	30/13183	.22
ELRC-3217-antibiotic	v1	783	29/13183	.21
ELRC-5179-acts_Ukrainian	v1	125843	29/13183	.21
ELRC-Financial_Stability	v1	5657	29/13183	.21
ELRA-W0135	v1	2323	28/13183	.21
ELRA-W0307	v1	243	28/13183	.21
ELRC-1058-University_Library_Z	v1	2323	28/13183	.21
ELRC-2711-EMEA	v1	686300	28/13183	.21
ELRC-2712-EMEA	v1	679015	28/13183	.21
ELRC-2715-EMEA	v1	682522	28/13183	.21
ELRC-2721-EMEA	v1	693450	28/13183	.21
ELRC-646-International_Judici	v1	243	28/13183	.21
ELRA-W0160	v1	9174	27/13183	.20
ELRC-1984-Hellenic_Gaming_Comm	v1	3603	27/13183	.20
ELRC-2410-Portal_oficial_turis	v1	185841	27/13183	.20
ELRC-2707-EMEA	v1	685365	27/13183	.20
ELRC-2717-EMEA	v1	670422	27/13183	.20
ELRC-2727-EMEA	v1	680290	27/13183	.20
ELRC-405-President_Lithuania	v1	9174	27/13183	.20
ELRC-725-Hallituskausi_2011_2	v1	31822	27/13183	.20
ELRC-2716-EMEA	v1	690532	26/13183	.19
ELRC-5124-Government_Ireland_P	v1	613	26/13183	.19
ELRC-798-Financial_Stability_	v1	2141	26/13183	.19
ELRC-863-government_websites_	v1	20646	26/13183	.19
SETIMES	v2	242565	26/13183	.19
ELRA-W0174	v1	1565	25/13183	.18
ELRA-W0228	v1	2159	25/13183	.18
ELRC-1981-EQF_Referencing_Repo	v1	2088	25/13183	.18
ELRC-2709-EMEA	v1	360888	25/13183	.18
ELRC-472-Polish_Central_Stati	v1	1565	25/13183	.18
ELRA-W0276	v1	4354	24/13183	.18
ELRC-2713-EMEA	v1	688615	24/13183	.18
ELRC-2714-EMEA	v1	689853	24/13183	.18
ELRC-2723-EMEA	v1	684988	24/13183	.18
ELRC-2728-EMEA	v1	680926	24/13183	.18
ELRC-534-www.norges_bank.no	v1	71682	24/13183	.18
ELRC-949-Polish_Tourism_Organ	v1	4354	24/13183	.18
ELRA-W0202	v1	64241	23/13183	.17
ELRA-W0233	v1	3426	23/13183	.17
ELRC-807-Malta_Government_Gaz	v1	3426	23/13183	.17
ELRA-W0176	v1	2024	22/13183	.16
ELRA-W0185	v1	1990	22/13183	.16
ELRA-W0279	v1	2649	22/13183	.16
ELRC-1020-collection_about_Cyp	v1	1893	22/13183	.16
ELRC-2439-Ritis_Airgeadais_Oll	v1	741	22/13183	.16
ELRC-2710-EMEA	v1	699854	22/13183	.16
ELRC-2720-EMEA	v1	696997	22/13183	.16
ELRC-2725-EMEA	v1	691471	22/13183	.16
ELRC-2729-EMEA	v1	688511	22/13183	.16
ELRC-3206-antibiotic	v1	775	22/13183	.16
ELRC-474-Natolin_Centre	v1	2024	22/13183	.16
ELRC-484-Procurement_2	v1	1990	22/13183	.16
ELRC-540-nofima.no	v1	8675	22/13183	.16
ELRC-590-www.lrs.lt	v1	1661	22/13183	.16
ELRC-956-Central_Statistical	v1	2649	22/13183	.16
ELRC-Ritis_Airgeadais	v1	1256	22/13183	.16
ELRA-W0131	v1	13492	21/13183	.15
ELRA-W0229	v1	3605	21/13183	.15
ELRC-1015-Croatian_Mine_Action	v1	13492	21/13183	.15
ELRC-2706-EMEA	v1	577401	21/13183	.15
ELRC-2722-EMEA	v1	701635	21/13183	.15
ELRC-2724-EMEA	v1	698758	21/13183	.15
ELRC-3203-antibiotic	v1	654	21/13183	.15
ELRC-799-Financial_Stability_	v1	3603	21/13183	.15
ELRC-923-chapters_Youth_2010	v1	5730	21/13183	.15
ELRA-W0136	v1	7549	20/13183	.15
ELRA-W0204	v1	21255	20/13183	.15
ELRA-W0205	v1	1983	20/13183	.15
ELRA-W0220	v1	55527	20/13183	.15
ELRC-1072-annual_reports_immig	v1	7549	20/13183	.15
ELRC-2610-Polish_Energy_Conser	v1	2667	20/13183	.15
ELRC-651-government_websites_	v1	21255	20/13183	.15
ELRC-652-Greek_law	v1	1983	20/13183	.15
ELRC-724-Hallituskausi_2007_2	v1	55527	20/13183	.15
Tatoeba	v2022-03-03	1605560	20/13183	.15
ELRA-W0187	v1	1818	19/13183	.14
ELRA-W0211	v1	11228	19/13183	.14
ELRA-W0241	v1	58524	19/13183	.14
ELRC-1062-rigsrevisionen.dk	v1	8280	19/13183	.14
ELRC-2559-government_websites_	v1	1132	19/13183	.14
ELRC-2726-EMEA	v1	672813	19/13183	.14
ELRC-486-Procurement_1	v1	1818	19/13183	.14
ELRC-664-administration	v1	11228	19/13183	.14
ELRC-EU_publications	v1	13908	19/13183	.14
hrenWaC	v1	96103	19/13183	.14
Tatoeba	v20190709	1212697	19/13183	.14
Tatoeba	v2020-05-31	1346260	19/13183	.14
Tatoeba	v2020-11-09	1406533	19/13183	.14
Tatoeba	v2021-03-10	1470935	19/13183	.14
ELRA-W0242	v1	2712	18/13183	.13
ELRC-1992-Rural_Development_Pr	v1	4274	18/13183	.13
ELRC-2708-EMEA	v1	679647	18/13183	.13
ELRC-5060-A_mix_annual	v1	7177	18/13183	.13
ELRC-841-Employment_Poland_20	v1	2712	18/13183	.13
ELRC-904-uk.fm.dk	v1	6700	18/13183	.13
ELRC-Rural_Development	v1	9133	18/13183	.13
Tatoeba	v2021-07-22	1497594	18/13183	.13
ELRA-W0190	v1	55912	17/13183	.12
ELRA-W0255	v1	1646	17/13183	.12
ELRA-W0270	v1	11612	17/13183	.12
ELRC-1819-EIR	v1	5206	17/13183	.12
ELRC-2718-EMEA	v1	484237	17/13183	.12
ELRC-2881-EU_publications_medi	v1	13057	17/13183	.12
ELRC-2882-EU_publications_medi	v1	12944	17/13183	.12
ELRC-2887-EU_publications_medi	v1	12971	17/13183	.12
ELRC-489-Secretariat_General_	v1	55912	17/13183	.12
ELRC-878-Digitization	v1	1646	17/13183	.12
ELRC-930-studies_reports_stat	v1	11612	17/13183	.12
ELRC-Government_Offices	v1	56387	17/13183	.12
ELRA-W0175	v1	2297	16/13183	.12
ELRC-1814-EIR_SPOS	v1	3292	16/13183	.12
ELRC-1970-governmental_about_M	v1	1504	16/13183	.12
ELRC-2543-Inteliterm	v1	15569	16/13183	.12
ELRC-2719-EMEA	v1	516124	16/13183	.12
ELRC-2873-EU_publications_medi	v1	12936	16/13183	.12
ELRC-3193-antibiotic	v1	1031	16/13183	.12
ELRC-411-Bank_Estonia	v1	16387	16/13183	.12
ELRC-473-PKN_Orlen	v1	2297	16/13183	.12
ELRC-583-www.hafslund.no	v1	3459	16/13183	.12
ELRC-857-www.trm.dk	v1	3011	16/13183	.12
ELRC-940-president.ee	v1	6776	16/13183	.12
ELRA-W0203	v1	12527	15/13183	.11
ELRA-W0273	v1	18450	15/13183	.11
ELRC-2872-EU_publications_medi	v1	13025	15/13183	.11
ELRC-2879-EU_publications_medi	v1	13125	15/13183	.11
ELRC-2885-EU_publications_medi	v1	12742	15/13183	.11
ELRC-391-Bulgarian_strategic_	v1	2139	15/13183	.11
ELRC-412-EJTN_Handbook	v1	1818	15/13183	.11
ELRC-649-Greek_administration	v1	12527	15/13183	.11
ELRC-849-ufm.dk	v1	10105	15/13183	.11
ELRC-943-Journal_Croatian_Ass	v1	18450	15/13183	.11
ELRC-www.vero.fi	v1	27593	15/13183	.11
CAPES	v1	1158123	14/13183	.10
ELRA-W0154	v1	11121	14/13183	.10
ELRA-W0195	v1	14185	14/13183	.10
ELRA-W0239	v1	8092	14/13183	.10
ELRA-W0259	v1	2824	14/13183	.10
ELRC-1175-EUIPO_2017	v1	20173	14/13183	.10
ELRC-1176-EUIPO_2017	v1	19714	14/13183	.10
ELRC-1177-EUIPO_2017	v1	20399	14/13183	.10
ELRC-1178-EUIPO_2017	v1	17582	14/13183	.10
ELRC-1179-EUIPO_2017	v1	16286	14/13183	.10
ELRC-1180-EUIPO_2017	v1	19862	14/13183	.10
ELRC-2037-www.vero.fi	v1	22339	14/13183	.10
ELRC-2405-Czech_Supreme_Audit	v1	2914	14/13183	.10
ELRC-3855-SWPS_University_Soci	v1	1304	14/13183	.10
ELRC-393-Estonian_Cabinet_Min	v1	11121	14/13183	.10
ELRC-4327-Government_Offices_I	v1	37820	14/13183	.10
ELRC-494-forbrukereuropa.no	v1	14185	14/13183	.10
ELRC-563-Statoil_energy_compa	v1	54342	14/13183	.10
ELRC-829-Swedish_Migration_Bo	v1	8092	14/13183	.10
ELRC-856-naturstyrelsen.dk	v1	3146	14/13183	.10
ELRC-888-Employment_Services_	v1	2824	14/13183	.10
ELRC-905-spillemyndigheden.dk	v1	3341	14/13183	.10
ELRC-Czech_Supreme	v1	8322	14/13183	.10
ELRC-EUIPO_2017	v1	31587	14/13183	.10
ELRC-Official_Parliament	v1	180093	14/13183	.10
ELRC-Swedish_Migration	v1	8318	14/13183	.10
OpenOffice	v2	36009	14/13183	.10
ChuBiCo	v1	199932	13/13183	.09
ELRA-W0246	v1	1502	13/13183	.09
ELRA-W0287	v1	27992	13/13183	.09
ELRC-1054-health_care_social	v1	2106	13/13183	.09
ELRC-1174-EUIPO_2017	v1	17211	13/13183	.09
ELRC-2481-Constituio_da_Repbli	v1	3618	13/13183	.09
ELRC-2869-EU_publications_medi	v1	12873	13/13183	.09
ELRC-2875-EU_publications_medi	v1	13192	13/13183	.09
ELRC-2877-EU_publications_medi	v1	13088	13/13183	.09
ELRC-2884-EU_publications_medi	v1	12960	13/13183	.09
ELRC-2886-EU_publications_medi	v1	13143	13/13183	.09
ELRC-537-www.sjofartsdir.no	v1	2278	13/13183	.09
ELRC-853-Portuguese_Constitut	v1	1502	13/13183	.09
ELRC-975-Science_Poland	v1	27992	13/13183	.09
ELRC-996-nature_protection_st	v1	979	13/13183	.09
TED2020	v1	436417	13/13183	.09
Books	v1	235021	12/13183	.09
ELRA-W0277	v1	3276	12/13183	.09
ELRA-W0281	v1	1396	12/13183	.09
ELRA-W0293	v1	2958	12/13183	.09
ELRC-2878-EU_publications_medi	v1	12485	12/13183	.09
ELRC-2880-EU_publications_medi	v1	12872	12/13183	.09
ELRC-2888-EU_publications_medi	v1	12793	12/13183	.09
ELRC-416-Swedish_Social_Secur	v1	963	12/13183	.09
ELRC_416	v1	963	12/13183	.09
ELRC-478-Polish_Food_4	v1	4442	12/13183	.09
ELRC-5042-Kazakh_Legal_MT	v1	1021	12/13183	.09
ELRC-5180-Official_Parliament_	v1	116083	12/13183	.09
ELRC-524-www.uib.no	v1	2476	12/13183	.09
ELRC-536-www.fhi.no	v1	2414	12/13183	.09
ELRC-852-www.dma.dk	v1	2986	12/13183	.09
ELRC-951-US_EMBASSY_CONSULATE	v1	3276	12/13183	.09
ELRC-960-Commissioner_Human_R	v1	1396	12/13183	.09
ELRC-989-Foreign_Affairs_Croa	v1	2958	12/13183	.09
ELRC-Foreign_Affairs	v1	3512	12/13183	.09
ELRC-Polish_Food	v1	13217	12/13183	.09
ELRC-www.norden.org	v1	73026	12/13183	.09
ELRA-W0158	v1	40932	11/13183	.08
ELRA-W0262	v1	1285	11/13183	.08
ELRA-W0265	v1	8710	11/13183	.08
ELRC-1772-vnk.fi	v1	33681	11/13183	.08
ELRC-1787-Press_Releases_PIO	v1	4953	11/13183	.08
ELRC-2868-EU_publications_medi	v1	13131	11/13183	.08
ELRC-2874-EU_publications_medi	v1	13047	11/13183	.08
ELRC-2883-EU_publications_medi	v1	13031	11/13183	.08
ELRC-399-International_Agreem	v1	40932	11/13183	.08
ELRC-728-www.norden.org	v1	41141	11/13183	.08
ELRC-730-www.norden.org	v1	36524	11/13183	.08
ELRC-910-Security_Bureau	v1	1285	11/13183	.08
ELRC-919-akadeemia.ee	v1	8710	11/13183	.08
ELRC-Press_Releases	v1	6300	11/13183	.08
ELRC-vnk.fi	v1	45736	11/13183	.08
Tatoeba	v2	407821	11/13183	.08
ELRA-W0178	v1	6077	10/13183	.07
ELRA-W0271	v1	3429	10/13183	.07
ELRC-1086-Information_Portal_G	v1	11239	10/13183	.07
ELRC-1127-www.vtv.fi	v1	41560	10/13183	.07
ELRC-1158-Official_Tourism_Por	v1	9683	10/13183	.07
ELRC-2497-Tuarascil_Bhliantil_	v1	2822	10/13183	.07
ELRC-2866-EU_publications_medi	v1	12721	10/13183	.07
ELRC-2871-EU_publications_medi	v1	13018	10/13183	.07
ELRC-2876-EU_publications_medi	v1	12841	10/13183	.07
ELRC-4324-Government_Offices_I	v1	18627	10/13183	.07
ELRC-734-www.norden.org	v1	37799	10/13183	.07
ELRC-735-www.norden.org	v1	42816	10/13183	.07
ELRC-816-ANR_containing_major	v1	10302	10/13183	.07
ELRC-932-Hellenic_Foreign_Aff	v1	3429	10/13183	.07
ELRC-Information_Portal	v1	13072	10/13183	.07
ELRC-valtioneuvosto.fi	v1	64351	10/13183	.07
ELRC-www.vtv.fi	v1	53418	10/13183	.07
ELRA-W0209	v1	91	9/13183	.06
ELRA-W0274	v1	5470	9/13183	.06
ELRA-W0292	v1	1949	9/13183	.06
ELRC-1065-PIO_Publication_Cypr	v1	1343	9/13183	.06
ELRC-1133-www.vtv.fi	v1	44890	9/13183	.06
ELRC-1769-valtioneuvosto.fi	v1	49352	9/13183	.06
ELRC-1770-valtioneuvosto.fi	v1	49206	9/13183	.06
ELRC-1771-vnk.fi	v1	31558	9/13183	.06
ELRC-1986-Constitution_Greece	v1	1030	9/13183	.06
ELRC-2404-Czech_Supreme_Audit	v1	413	9/13183	.06
ELRC-502-Icelandic_Financial_	v1	1507	9/13183	.06
ELRC-506-www.lanamal.is	v1	1138	9/13183	.06
ELRC-5136-Tuarasclacha_Bliantl	v1	1307	9/13183	.06
ELRC-5139-Bileog_do_Phlean	v1	36	9/13183	.06
ELRC-516-Icelandic_Medicines	v1	701	9/13183	.06
ELRC-5183-SciPar_Ukraine	v1	320840	9/13183	.06
ELRC-520-www.hioa.no	v1	4607	9/13183	.06
ELRC-530-nmh.no	v1	5028	9/13183	.06
ELRC-559-www.npd.no	v1	18283	9/13183	.06
ELRC-642-Federal_Foreign_Berl	v1	54582	9/13183	.06
ELRC-662-Expression_interest	v1	91	9/13183	.06
ELRC-900-Danish_Working_Envir	v1	1160	9/13183	.06
ELRC-937-vp1992_2001.presiden	v1	16548	9/13183	.06
ELRC-938-vp2001_2006.presiden	v1	25362	9/13183	.06
ELRC-945-Business_Poland	v1	5470	9/13183	.06
ELRC-986-Embassy_Finland_Zagr	v1	1949	9/13183	.06
ELRC-PIO_Publication	v1	4536	9/13183	.06
Mozilla-I10n	v1	66158	9/13183	.06
WikiTitles	v3	2348300	9/13183	.06
ELRA-W0247	v1	3929	8/13183	.06
ELRA-W0267	v1	11066	8/13183	.06
ELRA-W0284	v1	956	8/13183	.06
ELRA-W0309	v1	205	8/13183	.06
ELRC-1082-CNIO	v1	8525	8/13183	.06
ELRC-2414-Tuarasclaca_Bliantla	v1	3120	8/13183	.06
ELRC-2424-Preasritis_Gaois_Fio	v1	1075	8/13183	.06
ELRC-2469-Ritis_Airgeadais_Oif	v1	528	8/13183	.06
ELRC-3555-Law_Higher_Education	v1	2976	8/13183	.06
ELRC-3853-State_Assets	v1	2822	8/13183	.06
ELRC-4338-University_Iceland	v1	10246	8/13183	.06
ELRC-5144-Iarracht_ar_Threoir	v1	167	8/13183	.06
ELRC-5174-French_Polish_Ukrain	v1	37533	8/13183	.06
ELRC-519-www.ssb.no	v1	6460	8/13183	.06
ELRC-541-www.imr.no	v1	3223	8/13183	.06
ELRC-745-Convention_against_T	v1	205	8/13183	.06
ELRC-858-Export_Promotion_Por	v1	3929	8/13183	.06
ELRC-924-statistical_reports_	v1	11066	8/13183	.06
ELRC-968-Digital_Affairs	v1	956	8/13183	.06
ELRC-Preasritis_Gaois	v1	1246	8/13183	.06
ELRC-statistical_reports	v1	21820	8/13183	.06
ELRA-W0133	v1	2386	7/13183	.05
ELRA-W0134	v1	2360	7/13183	.05
ELRA-W0196	v1	116	7/13183	.05
ELRA-W0210	v1	434	7/13183	.05
ELRA-W0230	v1	1989	7/13183	.05
ELRA-W0258	v1	625	7/13183	.05
ELRA-W0283	v1	1318	7/13183	.05
ELRA-W0291	v1	1034	7/13183	.05
ELRA-W0297	v1	6620	7/13183	.05
ELRC-1055-ICT_Transport	v1	2386	7/13183	.05
ELRC-1056-open_broadband_infor	v1	2360	7/13183	.05
ELRC-2036-www.vero.fi	v1	21302	7/13183	.05
ELRC-2498-Plan_Nacional_e	v1	1427	7/13183	.05
ELRC-2616-Museus_2007	v1	1175	7/13183	.05
ELRC-3216-antibiotic	v1	992	7/13183	.05
ELRC-477-Health_Fund	v1	5656	7/13183	.05
ELRC-496-Convention_transfer_	v1	116	7/13183	.05
ELRC-508-Tilde_Statistics_Ice	v1	2453	7/13183	.05
ELRC-510-Harpa_Reykjavik_Conc	v1	1194	7/13183	.05
ELRC-592-kam.lt	v1	7798	7/13183	.05
ELRC-621-Federal_Constitution	v1	4109	7/13183	.05
ELRC-663-Memorandum_a_ESM	v1	434	7/13183	.05
ELRC-718-Statistics_Iceland	v1	2415	7/13183	.05
ELRC-801-Coimisineir_Teanga_R	v1	1989	7/13183	.05
ELRC-805-Udras_na_Gaeltachta	v1	1374	7/13183	.05
ELRC-832-CHARTER_VALUES_CITIZ	v1	90	7/13183	.05
ELRC-859-um.dk	v1	3060	7/13183	.05
ELRC-884-Interior_Administrat	v1	625	7/13183	.05
ELRC-966-Institute_Mathematic	v1	1318	7/13183	.05
ELRC-984-Government_Cooperati	v1	1034	7/13183	.05
ELRC-Coimisineir_Teanga	v1	2297	7/13183	.05
ELRC-CORDIS_News	v1	149280	7/13183	.05
ELRC-Danish_Higher	v1	10784	7/13183	.05
ELRC-Museus_2007	v1	1177	7/13183	.05
ELRA-W0213	v1	1958	6/13183	.04
ELRA-W0224	v1	1104	6/13183	.04
ELRA-W0275	v1	4581	6/13183	.04
ELRA-W0288	v1	692	6/13183	.04
ELRC-1815-EIR_Newsletter	v1	3807	6/13183	.04
ELRC-2442-_Chonradh_Ginearlta	v1	7518	6/13183	.04
ELRC-2465-Faisnis_faoi_IDS	v1	30	6/13183	.04
ELRC-3197-antibiotic	v1	363	6/13183	.04
ELRC-3566-EUR_LEX_covid	v1	21967	6/13183	.04
ELRC-394-Danish_Higher_Educat	v1	3049	6/13183	.04
ELRC-505-www.pfs.is	v1	2908	6/13183	.04
ELRC-634-BMI_Brochures_2011	v1	8511	6/13183	.04
ELRC-712-Social_Insurance_Frs	v1	1958	6/13183	.04
ELRC-784-Coimisineir_Teanga_R	v1	1104	6/13183	.04
ELRC-844-PAeSI__Administratio	v1	360	6/13183	.04
ELRC-854-www.geus.dk	v1	1656	6/13183	.04
ELRC-892-slks.dk	v1	4946	6/13183	.04
ELRC-947-Polish_Aid	v1	4581	6/13183	.04
ELRC-977-State_Marine_Acciden	v1	692	6/13183	.04
ELRC-_Chonradh	v1	9501	6/13183	.04
ELRC-EUR_LEX	v1	24126	6/13183	.04
KDE4	v2	190475	6/13183	.04
TedTalks	v1	81979	6/13183	.04
TEP	v1	521471	6/13183	.04
ELRA-W0256	v1	559	5/13183	.03
ELRA-W0264	v1	10770	5/13183	.03
ELRC-1022-COMPULSORY_EXPROPRIA	v1	42	5/13183	.03
ELRC-1088-German_Foreign_Offic	v1	12951	5/13183	.03
ELRC-1117-CORDIS_News	v1	110915	5/13183	.03
ELRC-1159-Swedish_Migration_Bo	v1	1091	5/13183	.03
ELRC-2441-_Chonradh_don	v1	2044	5/13183	.03
ELRC-2458-Tarmaocht_agus_aistr	v1	307	5/13183	.03
ELRC-2549-Report_Best_practice	v1	205	5/13183	.03
ELRC-2870-EU_publications_medi	v1	3045	5/13183	.03
ELRC-3565-EUR_LEX_covid	v1	22863	5/13183	.03
ELRC-386-Statens_Vegvesen	v1	1637	5/13183	.03
ELRC-4992-Customer_Support_MT	v1	1371	5/13183	.03
ELRC-5135-Preasritis__Choliste	v1	182	5/13183	.03
ELRC-5214-A_Lexicon_Named	v1	488887	5/13183	.03
ELRC-565-avinor.no	v1	3565	5/13183	.03
ELRC-573-www.responsiblebusin	v1	3000	5/13183	.03
ELRC-605-www.altinn.no	v1	2698	5/13183	.03
ELRC-656-Macroeconomic_Develo	v1	158	5/13183	.03
ELRC-867-Defence	v1	2464	5/13183	.03
ELRC-880-Foreign_Affairs	v1	559	5/13183	.03
ELRC-885-www.aarhus2017.dk	v1	4722	5/13183	.03
ELRC-915-statistical_reports_	v1	10770	5/13183	.03
ELRC-EC_EUROPA	v1	3849	5/13183	.03
infopankki	v1	21778	5/13183	.03
MontenegrinSubs	v1	59363	5/13183	.03
ELRA-W0212	v1	14642	4/13183	.03
ELRA-W0254	v1	231	4/13183	.03
ELRC-2466-Leabhrn_dAonad_Altra	v1	249	4/13183	.03
ELRC-2502-TERMITUR	v1	3312	4/13183	.03
ELRC-2541-Regional_Development	v1	7952	4/13183	.03
ELRC-3466-EC_EUROPA_covid	v1	2788	4/13183	.03
ELRC-3470-EC_EUROPA_covid	v1	2917	4/13183	.03
ELRC-3556-EUR_LEX_covid	v1	21721	4/13183	.03
ELRC-3563-EUR_LEX_covid	v1	22524	4/13183	.03
ELRC-3568-EUR_LEX_covid	v1	21161	4/13183	.03
ELRC-426-Danish_Higher_Educat	v1	1536	4/13183	.03
ELRC-5149-Tuarascil_Bhliantil_	v1	1086	4/13183	.03
ELRC-517-Icelandic_Directorat	v1	1516	4/13183	.03
ELRC-5181-Official_Parliament_	v1	60789	4/13183	.03
ELRC-531-www.usn.no	v1	2041	4/13183	.03
ELRC-674-Polish_Investment_Tr	v1	14642	4/13183	.03
ELRC-776-by_Presidency_Counci	v1	4607	4/13183	.03
ELRC-851-www.vikingeskibsmuse	v1	12106	4/13183	.03
ELRC-876-Justice	v1	231	4/13183	.03
ELRC-939-vp2006_2016.presiden	v1	28998	4/13183	.03
ELRC-by_Presidency	v1	9142	4/13183	.03
ELRC-TERMITUR	v1	3312	4/13183	.03
RF	v1	181	4/13183	.03
XLEnt	v1.1	53628082	4/13183	.03
XLEnt	v1	53628082	4/13183	.03
ELRA-W0170	v1	6563	3/13183	.02
ELRA-W0263	v1	13790	3/13183	.02
ELRC-1060-Information_society	v1	3257	3/13183	.02
ELRC-1070-Press_Information_Cy	v1	1853	3/13183	.02
ELRC-1074-annual_reports_Stati	v1	5258	3/13183	.02
ELRC-1081-Forbruker_Europa	v1	3606	3/13183	.02
ELRC-1083-AECOSAN	v1	5917	3/13183	.02
ELRC-1090-German_Foreign_Offic	v1	21092	3/13183	.02
ELRC-1118-CORDIS_News	v1	132424	3/13183	.02
ELRC-1119-CORDIS_News	v1	123380	3/13183	.02
ELRC-1173-PIO_Publication_CYPR	v1	588	3/13183	.02
ELRC-2406-Czech_Supreme_Audit	v1	4781	3/13183	.02
ELRC-3298-EUROPARL_covid	v1	642	3/13183	.02
ELRC_3382	v1	6334	3/13183	.02
ELRC-3458-EC_EUROPA_covid	v1	2593	3/13183	.02
ELRC-3471-EC_EUROPA_covid	v1	2693	3/13183	.02
ELRC-3558-EUR_LEX_covid	v1	22125	3/13183	.02
ELRC-3559-EUR_LEX_covid	v1	21588	3/13183	.02
ELRC-3561-EUR_LEX_covid	v1	22252	3/13183	.02
ELRC-3562-EUR_LEX_covid	v1	22588	3/13183	.02
ELRC-3564-EUR_LEX_covid	v1	22215	3/13183	.02
ELRC-3567-EUR_LEX_covid	v1	20985	3/13183	.02
ELRC-3569-EUR_LEX_covid	v1	23348	3/13183	.02
ELRC-3570-EUR_LEX_covid	v1	21919	3/13183	.02
ELRC-3571-EUR_LEX_covid	v1	22605	3/13183	.02
ELRC-3572-EUR_LEX_covid	v1	21682	3/13183	.02
ELRC-3575-EUR_LEX_covid	v1	21819	3/13183	.02
ELRC-3577-EUR_LEX_covid	v1	22601	3/13183	.02
ELRC-3578-EUR_LEX_covid	v1	22011	3/13183	.02
ELRC-3603-presscorner_covid	v1	6557	3/13183	.02
ELRC-3604-presscorner_covid	v1	7112	3/13183	.02
ELRC-3607-presscorner_covid	v1	6513	3/13183	.02
ELRC-3613-presscorner_covid	v1	7029	3/13183	.02
ELRC-435-Romanian_New_Crimina	v1	6563	3/13183	.02
ELRC-439-Danish_Higher_Educat	v1	3646	3/13183	.02
ELRC-535-www.nbim.no	v1	4006	3/13183	.02
ELRC-631-BMVI_Website	v1	2779	3/13183	.02
ELRC-774-Presidency	v1	16365	3/13183	.02
ELRC-913-2018_Proposal_a	v1	13790	3/13183	.02
ELRC-EUROPARL_covid	v1	1554	3/13183	.02
ELRC-presscorner_covid	v1	11739	3/13183	.02
UN	v20090831	56434	3/13183	.02
ELRA-W0159	v1	7204	2/13183	.01
ELRA-W0168	v1	26230	2/13183	.01
ELRA-W0169	v1	6897	2/13183	.01
ELRA-W0260	v1	2265	2/13183	.01
ELRA-W0266	v1	11797	2/13183	.01
ELRA-W0278	v1	2720	2/13183	.01
ELRA-W0286	v1	777	2/13183	.01
ELRC-1121-CORDIS_Results_Brief	v1	182055	2/13183	.01
ELRC-1122-CORDIS_Results_Brief	v1	259759	2/13183	.01
ELRC-1125-CORDIS_News	v1	113003	2/13183	.01
ELRC-1126-CORDIS_Results_Brief	v1	242571	2/13183	.01
ELRC-1240-Austrian_Research_Te	v1	2996	2/13183	.01
ELRC-1977-Standard_Norge	v1	120068	2/13183	.01
ELRC-2461-press_releases_Forei	v1	15895	2/13183	.01
ELRC-2538-Lei_25_2009	v1	171	2/13183	.01
ELRC-2867-EU_publications_medi	v1	404	2/13183	.01
ELRC_2923	v1	984	2/13183	.01
ELRC-3460-EC_EUROPA_covid	v1	2842	2/13183	.01
ELRC-3464-EC_EUROPA_covid	v1	2504	2/13183	.01
ELRC-3472-EC_EUROPA_covid	v1	2630	2/13183	.01
ELRC-3502-Coronavirus_Law_Pola	v1	4465	2/13183	.01
ELRC-3560-EUR_LEX_covid	v1	4508	2/13183	.01
ELRC-3573-EUR_LEX_covid	v1	20671	2/13183	.01
ELRC-3574-EUR_LEX_covid	v1	22077	2/13183	.01
ELRC-3576-EUR_LEX_covid	v1	22249	2/13183	.01
ELRC-3597-presscorner_covid	v1	6578	2/13183	.01
ELRC-3600-presscorner_covid	v1	6711	2/13183	.01
ELRC-3602-presscorner_covid	v1	6638	2/13183	.01
ELRC-3605-presscorner_covid	v1	6184	2/13183	.01
ELRC-3606-presscorner_covid	v1	9860	2/13183	.01
ELRC-3608-presscorner_covid	v1	6228	2/13183	.01
ELRC-3609-presscorner_covid	v1	6420	2/13183	.01
ELRC-3610-presscorner_covid	v1	10857	2/13183	.01
ELRC-3611-presscorner_covid	v1	6943	2/13183	.01
ELRC-3612-presscorner_covid	v1	7247	2/13183	.01
ELRC-3614-presscorner_covid	v1	6265	2/13183	.01
ELRC-3615-presscorner_covid	v1	6708	2/13183	.01
ELRC-3617-presscorner_covid	v1	6950	2/13183	.01
ELRC-3618-presscorner_covid	v1	6652	2/13183	.01
ELRC-3619-presscorner_covid	v1	6630	2/13183	.01
ELRC-402-MFA_Latvia	v1	7204	2/13183	.01
ELRC-431-Estonian_Foreign_Aff	v1	26230	2/13183	.01
ELRC-433-State_Latvian	v1	6897	2/13183	.01
ELRC-438-Legislation_PT	v1	2316	2/13183	.01
ELRC-538-www.ngu.no	v1	1899	2/13183	.01
ELRC-574-www.barentswatch.no	v1	3351	2/13183	.01
ELRC-598-www.nordisketax.net	v1	1002	2/13183	.01
ELRC-780-Coimisineir_Teanga	v1	311	2/13183	.01
ELRC-898-Science_Centre	v1	2265	2/13183	.01
ELRC-921-studies_challenges_C	v1	11797	2/13183	.01
ELRC-953-Centre_Nuclear_Resea	v1	2720	2/13183	.01
ELRC-973-Science_Higher_Educa	v1	777	2/13183	.01
ELRC-CORDIS_Results	v1	288453	2/13183	.01
ELRC-www.nordisketax.net	v1	1293	2/13183	.01
TED2013	v1.1	192310	2/13183	.01
bible-uedin	v1	74178	1/13183	0
ELRA-W0130	v1	2199	1/13183	0
ELRA-W0181	v1	2809	1/13183	0
ELRA-W0207	v1	106	1/13183	0
ELRA-W0214	v1	15469	1/13183	0
ELRA-W0215	v1	5325	1/13183	0
ELRA-W0217	v1	10102	1/13183	0
ELRA-W0249	v1	9089	1/13183	0
ELRA-W0272	v1	5355	1/13183	0
ELRA-W0280	v1	1775	1/13183	0
ELRA-W0289	v1	793	1/13183	0
ELRA-W0294	v1	2417	1/13183	0
ELRC-1013-Sweden_a_Pocket	v1	2199	1/13183	0
ELRC-1061-www.riksrevisjonen.n	v1	52137	1/13183	0
ELRC-1089-German_Foreign_Offic	v1	25618	1/13183	0
ELRC-1123-CORDIS_Results_Brief	v1	252934	1/13183	0
ELRC-1124-CORDIS_Results_Brief	v1	201581	1/13183	0
ELRC-2032-www.turku.fi	v1	17326	1/13183	0
ELRC-2033-www.turku.fi	v1	9565	1/13183	0
ELRC-2443-LithrenGrasinOG	v1	3704	1/13183	0
ELRC-2468-Oifig_Ombudsman_irin	v1	275	1/13183	0
ELRC-2503-Descripciones_vulner	v1	126524	1/13183	0
ELRC_2922	v1	37769	1/13183	0
ELRC-3062-wikipedia_health	v1	1147	1/13183	0
ELRC-3080-wikipedia_health	v1	7324	1/13183	0
ELRC-3083-wikipedia_health	v1	15108	1/13183	0
ELRC-3209-antibiotic	v1	958	1/13183	0
ELRC-3286-EUROPARL_covid	v1	872	1/13183	0
ELRC-3289-EUROPARL_covid	v1	613	1/13183	0
ELRC-3291-EUROPARL_covid	v1	709	1/13183	0
ELRC-3293-EUROPARL_covid	v1	707	1/13183	0
ELRC-3294-EUROPARL_covid	v1	402	1/13183	0
ELRC-3297-EUROPARL_covid	v1	773	1/13183	0
ELRC-3300-EUROPARL_covid	v1	626	1/13183	0
ELRC-3301-EUROPARL_covid	v1	832	1/13183	0
ELRC-3302-EUROPARL_covid	v1	820	1/13183	0
ELRC-3303-EUROPARL_covid	v1	936	1/13183	0
ELRC-3304-EUROPARL_covid	v1	801	1/13183	0
ELRC-3306-EUROPARL_covid	v1	706	1/13183	0
ELRC-3457-EC_EUROPA_covid	v1	2359	1/13183	0
ELRC-3461-EC_EUROPA_covid	v1	2194	1/13183	0
ELRC-3462-EC_EUROPA_covid	v1	2360	1/13183	0
ELRC-3463-EC_EUROPA_covid	v1	2354	1/13183	0
ELRC-3465-EC_EUROPA_covid	v1	2444	1/13183	0
ELRC-3467-EC_EUROPA_covid	v1	2365	1/13183	0
ELRC-3468-EC_EUROPA_covid	v1	2620	1/13183	0
ELRC-3469-EC_EUROPA_covid	v1	2349	1/13183	0
ELRC-3473-EC_EUROPA_covid	v1	1837	1/13183	0
ELRC-3475-EC_EUROPA_covid	v1	2500	1/13183	0
ELRC-3476-EC_EUROPA_covid	v1	2313	1/13183	0
ELRC-3477-EC_EUROPA_covid	v1	2385	1/13183	0
ELRC-3478-EC_EUROPA_covid	v1	2542	1/13183	0
ELRC-3599-presscorner_covid	v1	6709	1/13183	0
ELRC-3616-presscorner_covid	v1	7185	1/13183	0
ELRC-40-Information_Portal_C	v1	1836	1/13183	0
ELRC-4295-www.malfong.is	v1	12374	1/13183	0
ELRC-480-Polish_Food_3	v1	2809	1/13183	0
ELRC-5150-Language_Scheme_Cust	v1	490	1/13183	0
ELRC-5182-Official_Parliament_	v1	8803	1/13183	0
ELRC-5189-Catalan_WMT2013_Mach	v1	3022	1/13183	0
ELRC-527-University_Agder	v1	1052	1/13183	0
ELRC-564-www.aibn.no	v1	2764	1/13183	0
ELRC-633-BMI_Brochures_2016	v1	1199	1/13183	0
ELRC-637-SIP	v1	10525	1/13183	0
ELRC-714-Parliament_Estonia	v1	5325	1/13183	0
ELRC-716-Finnish_Information_	v1	10102	1/13183	0
ELRC-770-National_Security_De	v1	864	1/13183	0
ELRC-775-by_Presidency_Counci	v1	4536	1/13183	0
ELRC-864-Chancellery_Prime_Mi	v1	9089	1/13183	0
ELRC-890-Holstebro_Kunstmuseu	v1	1027	1/13183	0
ELRC-936-Prime_Minister_Helle	v1	5355	1/13183	0
ELRC-958-Centre_Research_Deve	v1	1775	1/13183	0
ELRC-979-Audiovisual_Institut	v1	793	1/13183	0
ELRC-991-Croatian_Journal_Fis	v1	2417	1/13183	0
ELRC-Finnish_Information	v1	12252	1/13183	0
ELRC-wikipedia_health	v1	37707	1/13183	0
ELRC-www.turku.fi	v1	20217	1/13183	0
MPC1	v1	811	1/13183	0
Salome	v1	1213	1/13183	0
ada83	v1	3874	0/13183	0
DGT	v2019	1253	0/13183	0
ECB	v1	376581	0/13183	0
ELRA-W0143	v1	30485	0/13183	0
ELRA-W0147	v1	32179	0/13183	0
ELRA-W0149	v1	31626	0/13183	0
ELRA-W0150	v1	35014	0/13183	0
ELRA-W0157	v1	3241	0/13183	0
ELRA-W0164	v1	1052	0/13183	0
ELRA-W0177	v1	3026	0/13183	0
ELRA-W0180	v1	2961	0/13183	0
ELRA-W0188	v1	2713	0/13183	0
ELRA-W0189	v1	2719	0/13183	0
ELRA-W0192	v1	5525	0/13183	0
ELRA-W0193	v1	133966	0/13183	0
ELRA-W0194	v1	98101	0/13183	0
ELRA-W0208	v1	44	0/13183	0
ELRA-W0216	v1	11610	0/13183	0
ELRA-W0218	v1	8376	0/13183	0
ELRA-W0222	v1	6873	0/13183	0
ELRA-W0223	v1	66410	0/13183	0
ELRA-W0225	v1	431	0/13183	0
ELRA-W0227	v1	1727	0/13183	0
ELRA-W0232	v1	0	0/13183	0
ELRA-W0238	v1	906	0/13183	0
ELRA-W0251	v1	2079	0/13183	0
ELRA-W0252	v1	482	0/13183	0
ELRA-W0253	v1	79	0/13183	0
ELRA-W0257	v1	644	0/13183	0
ELRA-W0261	v1	1397	0/13183	0
ELRA-W0285	v1	641	0/13183	0
ELRA-W0290	v1	617	0/13183	0
ELRA-W0301	v1	23	0/13183	0
ELRA-W0305	v1	1148	0/13183	0
ELRA-W0308	v1	155	0/13183	0
ELRC-1021-Commitment_Property_	v1	22	0/13183	0
ELRC-1067-PIO_Publication_Wind	v1	2633	0/13183	0
ELRC-1092-EUIPO_list	v1	30485	0/13183	0
ELRC-1096-EUIPO_list	v1	32179	0/13183	0
ELRC-1100-EUIPO_list	v1	31626	0/13183	0
ELRC-1101-EUIPO_list	v1	35014	0/13183	0
ELRC-1120-CORDIS_News	v1	87752	0/13183	0
ELRC-1128-www.visitestonia.com	v1	14527	0/13183	0
ELRC-1129-www.visitestonia.com	v1	13837	0/13183	0
ELRC-1130-www.visitestonia.com	v1	13744	0/13183	0
ELRC-1131-www.visitestonia.com	v1	14240	0/13183	0
ELRC-1238-Energy_Report_City	v1	499	0/13183	0
ELRC-1241-2017_Activity_Report	v1	1045	0/13183	0
ELRC-1243-Vienna_Environmental	v1	2257	0/13183	0
ELRC-2012-EUIPO_2017	v1	15922	0/13183	0
ELRC-2013-EUIPO_2017	v1	17260	0/13183	0
ELRC-2014-EUIPO_2017	v1	17046	0/13183	0
ELRC-2015-EUIPO_2017	v1	16447	0/13183	0
ELRC-2016-EUIPO_2017	v1	16875	0/13183	0
ELRC-2017-EUIPO_2017	v1	16806	0/13183	0
ELRC-2018-EUIPO_2017	v1	17452	0/13183	0
ELRC-2019-EUIPO_2017	v1	17045	0/13183	0
ELRC-2020-EUIPO_2017	v1	17226	0/13183	0
ELRC-2021-EUIPO_2017	v1	17144	0/13183	0
ELRC-2022-EUIPO_2017	v1	17267	0/13183	0
ELRC-2023-EUIPO_2017	v1	17331	0/13183	0
ELRC-2024-EUIPO_2017	v1	17249	0/13183	0
ELRC-2025-EUIPO_2017	v1	17119	0/13183	0
ELRC-2026-EUIPO_2017	v1	16951	0/13183	0
ELRC-2328-Agriculture_Forestry	v1	1539	0/13183	0
ELRC-2407-Czech_Supreme_Audit	v1	233	0/13183	0
ELRC-2420-Press_Releases_Depar	v1	420	0/13183	0
ELRC-2423-Preasritis_Ollscoil_	v1	87	0/13183	0
ELRC-2425-Preasritis_Gaois_Fio	v1	185	0/13183	0
ELRC-2438-www.citizensinformat	v1	6605	0/13183	0
ELRC-2440-Polsas_ar_Fheinilach	v1	193	0/13183	0
ELRC-2449-Litir__Oifig	v1	22	0/13183	0
ELRC-2451-Pleananna_ITBC_le	v1	12	0/13183	0
ELRC-2452-Tuairisc_a_thug	v1	143	0/13183	0
ELRC-2457-Estonian_Classificat	v1	6437	0/13183	0
ELRC-2459-Pstaer_faoi_scoil	v1	6	0/13183	0
ELRC-2460-Preasriteas_faoi_foi	v1	31	0/13183	0
ELRC-2462-Preasriteas_faoi_Uac	v1	17	0/13183	0
ELRC-2463-Toili_don_Scagthstil	v1	29	0/13183	0
ELRC-2464-Foirm_FSS_Iarratais	v1	12	0/13183	0
ELRC-2467-Preasritis_Oifig_an	v1	116	0/13183	0
ELRC-2473-do_Consumidor	v1	9	0/13183	0
ELRC-2474-Marketing_Influncia	v1	113	0/13183	0
ELRC-2478-Glossrio_PT_EN	v1	205	0/13183	0
ELRC-2479-Lei_orgnica_2	v1	175	0/13183	0
ELRC-2480-Estatuto_dos_Deputad	v1	677	0/13183	0
ELRC-2484-legislao	v1	209	0/13183	0
ELRC-2505-Preasriteas_M_Iil	v1	42	0/13183	0
ELRC-2506-Programme_Government	v1	1235	0/13183	0
ELRC-2508-Preasritis_Ollscoil_	v1	43	0/13183	0
ELRC-2509-Comhdhil_Cumann_Idir	v1	20	0/13183	0
ELRC-2536-Estatuto_da_Vtima	v1	149	0/13183	0
ELRC-2537-Lei_20_2008	v1	49	0/13183	0
ELRC-2546-Competition_Economic	v1	28	0/13183	0
ELRC-2558-government_websites_	v1	862	0/13183	0
ELRC-2560-government_websites_	v1	832	0/13183	0
ELRC-2612-Artigos_visitportuga	v1	1619	0/13183	0
ELRC-2614-Localidades_2007	v1	1825	0/13183	0
ELRC-2617-Museus_2007_Part2	v1	6	0/13183	0
ELRC-2622-Arquitectura_2007	v1	153	0/13183	0
ELRC-2623-Patrimnio_Aores_2006	v1	65	0/13183	0
ELRC-2638-monumentos_2007	v1	3025	0/13183	0
ELRC-2639-Parques_e_reservas	v1	289	0/13183	0
ELRC-2641-Praias_2007	v1	734	0/13183	0
ELRC-2732-vaccination	v1	482	0/13183	0
ELRC-2733-vaccination	v1	499	0/13183	0
ELRC-2734-vaccination	v1	483	0/13183	0
ELRC-2735-vaccination	v1	483	0/13183	0
ELRC-2736-vaccination	v1	477	0/13183	0
ELRC-2737-vaccination	v1	477	0/13183	0
ELRC-2738-vaccination	v1	478	0/13183	0
ELRC-2739-vaccination	v1	443	0/13183	0
ELRC-2740-vaccination	v1	499	0/13183	0
ELRC-2741-vaccination	v1	492	0/13183	0
ELRC-2742-vaccination	v1	472	0/13183	0
ELRC-2743-vaccination	v1	474	0/13183	0
ELRC-2744-vaccination	v1	485	0/13183	0
ELRC-2745-vaccination	v1	489	0/13183	0
ELRC-2746-vaccination	v1	409	0/13183	0
ELRC-2747-vaccination	v1	454	0/13183	0
ELRC-2748-vaccination	v1	279	0/13183	0
ELRC-2749-vaccination	v1	491	0/13183	0
ELRC-2750-vaccination	v1	478	0/13183	0
ELRC-2751-vaccination	v1	451	0/13183	0
ELRC-2752-vaccination	v1	479	0/13183	0
ELRC-2753-vaccination	v1	480	0/13183	0
ELRC-2754-vaccination	v1	440	0/13183	0
ELRC-3037-wikipedia_health	v1	149	0/13183	0
ELRC-3039-wikipedia_health	v1	406	0/13183	0
ELRC-3040-wikipedia_health	v1	1538	0/13183	0
ELRC-3041-wikipedia_health	v1	745	0/13183	0
ELRC-3042-wikipedia_health	v1	318	0/13183	0
ELRC-3043-wikipedia_health	v1	2737	0/13183	0
ELRC-3044-wikipedia_health	v1	931	0/13183	0
ELRC-3045-wikipedia_health	v1	336	0/13183	0
ELRC-3046-wikipedia_health	v1	202	0/13183	0
ELRC-3047-wikipedia_health	v1	205	0/13183	0
ELRC-3048-wikipedia_health	v1	237	0/13183	0
ELRC-3049-wikipedia_health	v1	2689	0/13183	0
ELRC-3050-wikipedia_health	v1	750	0/13183	0
ELRC-3051-wikipedia_health	v1	145	0/13183	0
ELRC-3052-wikipedia_health	v1	386	0/13183	0
ELRC-3053-wikipedia_health	v1	961	0/13183	0
ELRC-3054-wikipedia_health	v1	3206	0/13183	0
ELRC-3055-wikipedia_health	v1	371	0/13183	0
ELRC-3056-wikipedia_health	v1	145	0/13183	0
ELRC-3057-wikipedia_health	v1	2358	0/13183	0
ELRC-3058-wikipedia_health	v1	1878	0/13183	0
ELRC-3059-wikipedia_health	v1	131	0/13183	0
ELRC-3060-wikipedia_health	v1	632	0/13183	0
ELRC-3061-wikipedia_health	v1	246	0/13183	0
ELRC-3063-wikipedia_health	v1	2106	0/13183	0
ELRC-3064-wikipedia_health	v1	401	0/13183	0
ELRC-3065-wikipedia_health	v1	3150	0/13183	0
ELRC-3066-wikipedia_health	v1	524	0/13183	0
ELRC-3067-wikipedia_health	v1	362	0/13183	0
ELRC-3068-wikipedia_health	v1	217	0/13183	0
ELRC-3069-wikipedia_health	v1	136	0/13183	0
ELRC-3070-wikipedia_health	v1	1648	0/13183	0
ELRC-3071-wikipedia_health	v1	687	0/13183	0
ELRC-3072-wikipedia_health	v1	454	0/13183	0
ELRC-3073-wikipedia_health	v1	613	0/13183	0
ELRC-3074-wikipedia_health	v1	4356	0/13183	0
ELRC-3075-wikipedia_health	v1	4090	0/13183	0
ELRC-3076-wikipedia_health	v1	133	0/13183	0
ELRC-3077-wikipedia_health	v1	5123	0/13183	0
ELRC-3078-wikipedia_health	v1	1986	0/13183	0
ELRC-3079-wikipedia_health	v1	276	0/13183	0
ELRC-3082-wikipedia_health	v1	535	0/13183	0
ELRC-3084-wikipedia_health	v1	693	0/13183	0
ELRC-3085-wikipedia_health	v1	964	0/13183	0
ELRC-3086-wikipedia_health	v1	4262	0/13183	0
ELRC-3087-wikipedia_health	v1	693	0/13183	0
ELRC-3088-wikipedia_health	v1	1960	0/13183	0
ELRC-3089-wikipedia_health	v1	142	0/13183	0
ELRC-3194-antibiotic	v1	166	0/13183	0
ELRC-3195-antibiotic	v1	779	0/13183	0
ELRC-3196-antibiotic	v1	845	0/13183	0
ELRC-3198-antibiotic	v1	923	0/13183	0
ELRC-3199-antibiotic	v1	959	0/13183	0
ELRC-3200-antibiotic	v1	847	0/13183	0
ELRC-3201-antibiotic	v1	928	0/13183	0
ELRC-3202-antibiotic	v1	864	0/13183	0
ELRC-3204-antibiotic	v1	746	0/13183	0
ELRC-3205-antibiotic	v1	785	0/13183	0
ELRC-3207-antibiotic	v1	572	0/13183	0
ELRC-3208-antibiotic	v1	1005	0/13183	0
ELRC-3210-antibiotic	v1	894	0/13183	0
ELRC-3211-antibiotic	v1	693	0/13183	0
ELRC-3212-antibiotic	v1	766	0/13183	0
ELRC-3213-antibiotic	v1	913	0/13183	0
ELRC-3214-antibiotic	v1	801	0/13183	0
ELRC-3215-antibiotic	v1	936	0/13183	0
ELRC-3284-EUROPARL_covid	v1	470	0/13183	0
ELRC-3285-EUROPARL_covid	v1	16	0/13183	0
ELRC-3287-EUROPARL_covid	v1	665	0/13183	0
ELRC-3288-EUROPARL_covid	v1	138	0/13183	0
ELRC-3290-EUROPARL_covid	v1	681	0/13183	0
ELRC-3292-EUROPARL_covid	v1	540	0/13183	0
ELRC-3295-EUROPARL_covid	v1	624	0/13183	0
ELRC-3296-EUROPARL_covid	v1	524	0/13183	0
ELRC-3299-EUROPARL_covid	v1	641	0/13183	0
ELRC-3305-EUROPARL_covid	v1	528	0/13183	0
ELRC-3453-covid19.gov.lv	v1	785	0/13183	0
ELRC-3456-EC_EUROPA_covid	v1	50	0/13183	0
ELRC-3459-EC_EUROPA_covid	v1	549	0/13183	0
ELRC-3474-EC_EUROPA_covid	v1	2448	0/13183	0
ELRC-3554-www.kriis.ee	v1	426	0/13183	0
ELRC-3557-EUR_LEX_covid	v1	403	0/13183	0
ELRC-3598-presscorner_covid	v1	15	0/13183	0
ELRC-3601-presscorner_covid	v1	1673	0/13183	0
ELRC-3852-Development_Funds_Re	v1	2919	0/13183	0
ELRC-3856-PRESS	v1	34	0/13183	0
ELRC-3857-State_Budget_Executi	v1	180	0/13183	0
ELRC-397-Danish_Higher_Educat	v1	3241	0/13183	0
ELRC-401-Swedish_Labour_Part2	v1	1572	0/13183	0
ELRC-403-Rights_Arrested	v1	23	0/13183	0
ELRC-406-Swedish_Labour_Part1	v1	1100	0/13183	0
ELRC-419-Greek_legislation_An	v1	1052	0/13183	0
ELRC-422-Portuguese_legislati	v1	2485	0/13183	0
ELRC-4334-Rkiskaup_2020	v1	9805	0/13183	0
ELRC-436-Swedish_Food	v1	1148	0/13183	0
ELRC-475-Polish_Food	v1	3026	0/13183	0
ELRC-479-Polish_Food_2	v1	2961	0/13183	0
ELRC-487-Culture_Slovak	v1	2713	0/13183	0
ELRC-488-Justice_Slovak	v1	2719	0/13183	0
ELRC-491-Romanian_literature	v1	5525	0/13183	0
ELRC-492-Romanian_Wikipedia	v1	133966	0/13183	0
ELRC-493-Romanian_news	v1	98101	0/13183	0
ELRC-4993-Basque_Wikinews_MT	v1	1784	0/13183	0
ELRC-4994-Latvian_Financial_MT	v1	1999	0/13183	0
ELRC-4995-Finnish_Financial_MT	v1	1001	0/13183	0
ELRC-4996-Norwegian_Financial_	v1	2005	0/13183	0
ELRC-504-www.iceida.is	v1	1048	0/13183	0
ELRC-5086-Intellectual_Propert	v1	1303	0/13183	0
ELRC-509-Gallery_Iceland	v1	588	0/13183	0
ELRC-511-bokmenntaborgin_is	v1	327	0/13183	0
ELRC-5123-2020_Annual_Report	v1	894	0/13183	0
ELRC-5128-Celebrating_Our_Livi	v1	18	0/13183	0
ELRC-5137-Preasritis__Choliste	v1	111	0/13183	0
ELRC-5138-Preasritis__Choliste	v1	228	0/13183	0
ELRC-5141-Preasritis__Choliste	v1	50	0/13183	0
ELRC-5142-Preasriteas__Cholist	v1	206	0/13183	0
ELRC-5143-Preasriteas__Cholist	v1	184	0/13183	0
ELRC-5146-Irish_Government_Pre	v1	124	0/13183	0
ELRC-5153-A_crisis_number	v1	26	0/13183	0
ELRC-5160-Press_Releases_PIO	v1	957	0/13183	0
ELRC-5190-Cyber_MT_Test	v1	1017	0/13183	0
ELRC-5217-Ukrainian_Legal_MT	v1	976	0/13183	0
ELRC-5218-Georgian_Legal_MT	v1	1022	0/13183	0
ELRC-521-www.npolar.no	v1	7696	0/13183	0
ELRC-522-KORO_Art_Norway	v1	4658	0/13183	0
ELRC-533-www.finanstilsynet.n	v1	1391	0/13183	0
ELRC-561-Norway_petroleum	v1	1672	0/13183	0
ELRC-562-www.petoro.no	v1	3884	0/13183	0
ELRC-571-www.une.no	v1	1089	0/13183	0
ELRC-572-www.ptil.no	v1	1131	0/13183	0
ELRC-594-Norwegian_Directorat	v1	2169	0/13183	0
ELRC-597-www.nordisketax.net	v1	1025	0/13183	0
ELRC-609-www.udi.no	v1	2162	0/13183	0
ELRC-610-Norwegian_Directorat	v1	663	0/13183	0
ELRC-611-Courts_Norway	v1	1462	0/13183	0
ELRC-612-Courts_Norway	v1	1393	0/13183	0
ELRC-613-www.patentstyret.no	v1	1264	0/13183	0
ELRC-614-Norwegian_Industrial	v1	1216	0/13183	0
ELRC-632-BMI_Brochure_Civil	v1	179	0/13183	0
ELRC-648-Letter_rights_person	v1	132	0/13183	0
ELRC-658-Methodological_Recon	v1	44	0/13183	0
ELRC-715-Finance_Economics_Ba	v1	11610	0/13183	0
ELRC-717-Finnish_Information_	v1	8376	0/13183	0
ELRC-729-www.norden.org	v1	28565	0/13183	0
ELRC-744-Finnish_Information_	v1	6873	0/13183	0
ELRC-781-Gaois_legislation	v1	66410	0/13183	0
ELRC-785-Compendium_Social_In	v1	431	0/13183	0
ELRC-793-POLISH_PHRASE_BOOK	v1	1727	0/13183	0
ELRC-802-Swedish_Competition_	v1	9252	0/13183	0
ELRC-804-UCD_Bord_na	v1	229	0/13183	0
ELRC-823-Swedish_Swedish_Crim	v1	1503	0/13183	0
ELRC-825-Croatian_Swedish_Cri	v1	906	0/13183	0
ELRC-830-Swedish_Economic_Reg	v1	902	0/13183	0
ELRC-846-Legislation_Portugue	v1	1550	0/13183	0
ELRC-850-www.dst.dk	v1	22760	0/13183	0
ELRC-869-Citizens_Information	v1	2079	0/13183	0
ELRC-871-Agriculture_Rural_De	v1	482	0/13183	0
ELRC-873-Development	v1	79	0/13183	0
ELRC-882-Culture_Heritage	v1	644	0/13183	0
ELRC-886-www.odense.dk	v1	1425	0/13183	0
ELRC-889-www.visitvejle.com	v1	1483	0/13183	0
ELRC-891-www.visitdenmark.dk	v1	1569	0/13183	0
ELRC-893-natmus.dk	v1	3972	0/13183	0
ELRC-894-Gallery_Denmark	v1	791	0/13183	0
ELRC-895-Royal_Danish_Library	v1	1540	0/13183	0
ELRC-897-Denmark_Space_Instit	v1	1944	0/13183	0
ELRC-901-Denmark_Prosecution_	v1	1122	0/13183	0
ELRC-906-ING_Polish_Art	v1	1397	0/13183	0
ELRC-928-Annual_Reports_Swedi	v1	10254	0/13183	0
ELRC-929-www.sida.se	v1	1544	0/13183	0
ELRC-970-geoportal.gov.pl	v1	641	0/13183	0
ELRC-981-Digital_Archives	v1	617	0/13183	0
ELRC-992-Rural_Development_Pr	v1	4940	0/13183	0
ELRC-Arquitectura_2007	v1	153	0/13183	0
ELRC-Artigos_visitportuga	v1	1619	0/13183	0
ELRC-Courts_Norway	v1	1698	0/13183	0
ELRC-EUIPO_list	v1	48709	0/13183	0
ELRC-Localidades_2007	v1	1825	0/13183	0
ELRC-Norwegian_Directorat	v1	2832	0/13183	0
ELRC-Parques_e	v1	289	0/13183	0
ELRC-Patrimnio_Aores	v1	65	0/13183	0
ELRC-Portuguese_legislati	v1	2485	0/13183	0
ELRC-Praias_2007	v1	734	0/13183	0
ELRC-Preasriteas_faoi	v1	48	0/13183	0
ELRC-Swedish_Labour	v1	2553	0/13183	0
ELRC-vaccination	v1	515	0/13183	0
ELRC-www.visitestonia.com	v1	21337	0/13183	0
GNOME	v1	5352	0/13183	0
liv4ever	v1	606	0/13183	0
MultiUN	v1	12514685	0/13183	0
PHP	v1	0	0/13183	0
sardware	v1	6144	0/13183	0
Tanzil	v1	137432	0/13183	0
tico-19	v2020-10-28	3344	0/13183	0
Ubuntu	v14.10	3	0/13183	0
WikiSource	v1	33858	0/13183	0
WMT-News	v2014	0	0/13183	0
WMT-News	v2019	3004	0/13183	0
