ParaCrawl	v9	877766608	6153/12951	47.50
CCMatrix	v1	1341614085	5196/12951	40.12
ELRC-642-Federal_Foreign_Berl	v1	54582	551/12951	4.25
CCAligned	v1	405094222	212/12951	1.63
ELRC-4248-NTEU_TierA	v1	12854274	100/12951	.77
ELRC-4239-NTEU_TierA	v1	11906559	96/12951	.74
ELRC-4268-NTEU_TierA	v1	11782507	95/12951	.73
UNPC	v1.0	23776005	92/12951	.71
EUbookshop	v2	46038769	90/12951	.69
ELRC-4270-NTEU_TierA	v1	7252413	82/12951	.63
ELRC-4154-NTEU_TierA	v1	7119873	81/12951	.62
ELRC-4269-NTEU_TierA	v1	7234848	81/12951	.62
ELRC-4271-NTEU_TierA	v1	7211577	79/12951	.60
TildeMODEL	v2018	5686357	79/12951	.60
OpenSubtitles	v2018	102548132	76/12951	.58
XLEnt	v1.1	53628082	61/12951	.47
XLEnt	v1	53628082	61/12951	.47
giga-fren	v2	20786998	55/12951	.42
ELRC-1089-German_Foreign_Offic	v1	25618	50/12951	.38
ELRC-4142-NTEU_TierA	v1	2152367	46/12951	.35
wikimedia	v20210402	11389460	45/12951	.34
QED	v2.0a	7299297	41/12951	.31
WikiTitles	v3	2348300	38/12951	.29
JRC-Acquis	v3.0	1923776	34/12951	.26
GlobalVoices	v2018q4	1154583	31/12951	.23
GlobalVoices	v2017q3	1091521	29/12951	.22
WikiMatrix	v1	47707259	29/12951	.22
ELRC-1090-German_Foreign_Offic	v1	21092	27/12951	.20
GlobalVoices	v2015	954153	27/12951	.20
ELRC-2410-Portal_oficial_turis	v1	185841	26/12951	.20
ELRC-1806-Norwegian_Bokml_Ames	v1	279832	25/12951	.19
Europarl	v8	2375417	24/12951	.18
ELRC-5214-A_Lexicon_Named	v1	488887	22/12951	.16
ELRC-396-Foreign_Affairs_Norw	v1	669717	19/12951	.14
OpenSubtitles	v1	1598451	19/12951	.14
SPC	v1	59926	16/12951	.12
Tatoeba	v20190709	1212697	16/12951	.12
Tatoeba	v2020-05-31	1346260	16/12951	.12
Tatoeba	v2020-11-09	1406533	16/12951	.12
Tatoeba	v2021-03-10	1470935	16/12951	.12
Tatoeba	v2022-03-03	1605560	16/12951	.12
wikimedia	v20190628	352711	16/12951	.12
ELRC-518-www.regjeringen.no	v1	142770	15/12951	.11
KDE4	v2	190475	15/12951	.11
SciELO	v1	3061142	15/12951	.11
Tatoeba	v2021-07-22	1497594	15/12951	.11
GoURMET	v1	1541708	14/12951	.10
Mozilla-I10n	v1	66158	14/12951	.10
News-Commentary	v16	633326	14/12951	.10
ELRC-EMEA	v1	806234	13/12951	.10
News-Commentary	v14	530397	13/12951	.10
ELRC-1805-Norwegian_Bokml_Ames	v1	47595	12/12951	.09
ELRC_2682	v1	779183	12/12951	.09
ELRC-2712-EMEA	v1	679015	12/12951	.09
ELRC-534-www.norges_bank.no	v1	71682	12/12951	.09
ELRC-2715-EMEA	v1	682522	11/12951	.08
ELRC-2717-EMEA	v1	670422	11/12951	.08
ELRC-Government_Offices	v1	56387	11/12951	.08
Joshua-IPC	v1	198174	11/12951	.08
ELRA-W0220	v1	55527	10/12951	.07
ELRC-2710-EMEA	v1	699854	10/12951	.07
ELRC-2714-EMEA	v1	689853	10/12951	.07
ELRC-2723-EMEA	v1	684988	10/12951	.07
ELRC-2727-EMEA	v1	680290	10/12951	.07
ELRC-4324-Government_Offices_I	v1	18627	10/12951	.07
ELRC-5179-acts_Ukrainian	v1	125843	10/12951	.07
ELRC-724-Hallituskausi_2007_2	v1	55527	10/12951	.07
EuroPat	v3	79873063	10/12951	.07
memat	v1	145098	10/12951	.07
ELRC-1086-Information_Portal_G	v1	11239	9/12951	.06
ELRC-2706-EMEA	v1	577401	9/12951	.06
ELRC-2708-EMEA	v1	679647	9/12951	.06
ELRC-2711-EMEA	v1	686300	9/12951	.06
ELRC-2716-EMEA	v1	690532	9/12951	.06
ELRC-2721-EMEA	v1	693450	9/12951	.06
ELRC-2724-EMEA	v1	698758	9/12951	.06
ELRC-2725-EMEA	v1	691471	9/12951	.06
ELRC-2728-EMEA	v1	680926	9/12951	.06
ELRC-2729-EMEA	v1	688511	9/12951	.06
ELRC-5067-SciPar	v1	9198848	9/12951	.06
ELRC-Information_Portal	v1	13072	9/12951	.06
EuroPat	v2	70531170	9/12951	.06
MIZAN	v1	1016854	9/12951	.06
ELRC-2707-EMEA	v1	685365	8/12951	.06
ELRC-2713-EMEA	v1	688615	8/12951	.06
ELRC-2720-EMEA	v1	696997	8/12951	.06
ELRC-2722-EMEA	v1	701635	8/12951	.06
ELRC-2726-EMEA	v1	672813	8/12951	.06
ELRC-EU_publications	v1	13908	8/12951	.06
ELRC-valtioneuvosto.fi	v1	64351	8/12951	.06
Bianet	v1	43553	7/12951	.05
ECB	v1	376581	7/12951	.05
EhuHac	v1	596213	7/12951	.05
ELRA-W0158	v1	40932	7/12951	.05
ELRA-W0201	v1	35003	7/12951	.05
ELRC-1770-valtioneuvosto.fi	v1	49206	7/12951	.05
ELRC-1787-Press_Releases_PIO	v1	4953	7/12951	.05
ELRC-2709-EMEA	v1	360888	7/12951	.05
ELRC-2718-EMEA	v1	484237	7/12951	.05
ELRC-2719-EMEA	v1	516124	7/12951	.05
ELRC-399-International_Agreem	v1	40932	7/12951	.05
ELRC-4334-Rkiskaup_2020	v1	9805	7/12951	.05
ELRC-638-Luxembourg.lu	v1	35003	7/12951	.05
ELRC-Press_Releases	v1	6300	7/12951	.05
ELRC-vnk.fi	v1	45736	7/12951	.05
ELRC-www.norden.org	v1	73026	7/12951	.05
News-Commentary	v11	362778	7/12951	.05
News-Commentary	v9.0	328698	7/12951	.05
News-Commentary	v9.1	328698	7/12951	.05
Tatoeba	v2	407821	7/12951	.05
UN	v20090831	56434	7/12951	.05
Wikipedia	v1.0	7646905	7/12951	.05
Books	v1	235021	6/12951	.04
ELRA-W0167	v1	42999	6/12951	.04
ELRC-1061-www.riksrevisjonen.n	v1	52137	6/12951	.04
ELRC-1084-Agencia_Tributaria	v1	17477	6/12951	.04
ELRC-1772-vnk.fi	v1	33681	6/12951	.04
ELRC-2866-EU_publications_medi	v1	12721	6/12951	.04
ELRC-2868-EU_publications_medi	v1	13131	6/12951	.04
ELRC-2869-EU_publications_medi	v1	12873	6/12951	.04
ELRC-2871-EU_publications_medi	v1	13018	6/12951	.04
ELRC-2873-EU_publications_medi	v1	12936	6/12951	.04
ELRC-2874-EU_publications_medi	v1	13047	6/12951	.04
ELRC-2875-EU_publications_medi	v1	13192	6/12951	.04
ELRC-2876-EU_publications_medi	v1	12841	6/12951	.04
ELRC-2877-EU_publications_medi	v1	13088	6/12951	.04
ELRC-2878-EU_publications_medi	v1	12485	6/12951	.04
ELRC-2879-EU_publications_medi	v1	13125	6/12951	.04
ELRC-2880-EU_publications_medi	v1	12872	6/12951	.04
ELRC-2881-EU_publications_medi	v1	13057	6/12951	.04
ELRC-2882-EU_publications_medi	v1	12944	6/12951	.04
ELRC-2883-EU_publications_medi	v1	13031	6/12951	.04
ELRC-2884-EU_publications_medi	v1	12960	6/12951	.04
ELRC-2886-EU_publications_medi	v1	13143	6/12951	.04
ELRC-2887-EU_publications_medi	v1	12971	6/12951	.04
ELRC-2888-EU_publications_medi	v1	12793	6/12951	.04
ELRC-429-Legal_Estonian_Justi	v1	42999	6/12951	.04
ELRC-4329-PRINCIPLE_MVEP_legal	v1	41525	6/12951	.04
ELRC-84-Dutch_Government	v1	6506	6/12951	.04
ELRC-863-government_websites_	v1	20646	6/12951	.04
ELRC-government_websites	v1	43383	6/12951	.04
EuroPat	v1	22132306	6/12951	.04
ELRA-W0136	v1	7549	5/12951	.03
ELRA-W0154	v1	11121	5/12951	.03
ELRA-W0243	v1	12537	5/12951	.03
ELRA-W0263	v1	13790	5/12951	.03
ELRC-1072-annual_reports_immig	v1	7549	5/12951	.03
ELRC-1771-vnk.fi	v1	31558	5/12951	.03
ELRC-2032-www.turku.fi	v1	17326	5/12951	.03
ELRC-2870-EU_publications_medi	v1	3045	5/12951	.03
ELRC-2872-EU_publications_medi	v1	13025	5/12951	.03
ELRC-2885-EU_publications_medi	v1	12742	5/12951	.03
ELRC-393-Estonian_Cabinet_Min	v1	11121	5/12951	.03
ELRC-4338-University_Iceland	v1	10246	5/12951	.03
ELRC-563-Statoil_energy_compa	v1	54342	5/12951	.03
ELRC-730-www.norden.org	v1	36524	5/12951	.03
ELRC-735-www.norden.org	v1	42816	5/12951	.03
ELRC-842-Quarterly_Reports_Pa	v1	12537	5/12951	.03
ELRC-913-2018_Proposal_a	v1	13790	5/12951	.03
ELRC-923-chapters_Youth_2010	v1	5730	5/12951	.03
ELRC-annual_reports	v1	18771	5/12951	.03
ELRC-Danish_Higher	v1	10784	5/12951	.03
ELRC-Polish_Foreign	v1	13183	5/12951	.03
ELRC-www.turku.fi	v1	20217	5/12951	.03
ELRC-www.vero.fi	v1	27593	5/12951	.03
EMEA	v3	316149	5/12951	.03
infopankki	v1	21778	5/12951	.03
sardware	v1	6144	5/12951	.03
ELRA-W0206	v1	4123	4/12951	.03
ELRA-W0226	v1	11061	4/12951	.03
ELRA-W0241	v1	58524	4/12951	.03
ELRC-1062-rigsrevisionen.dk	v1	8280	4/12951	.03
ELRC-1769-valtioneuvosto.fi	v1	49352	4/12951	.03
ELRC-1819-EIR	v1	5206	4/12951	.03
ELRC-2033-www.turku.fi	v1	9565	4/12951	.03
ELRC-2037-www.vero.fi	v1	22339	4/12951	.03
ELRC-2542-Agriculture	v1	66597	4/12951	.03
ELRC-425-Lithuanian_legislati	v1	126666	4/12951	.03
ELRC-520-www.hioa.no	v1	4607	4/12951	.03
ELRC-634-BMI_Brochures_2011	v1	8511	4/12951	.03
ELRC-654-Romanian_Ombudsman_a	v1	4123	4/12951	.03
ELRC-728-www.norden.org	v1	41141	4/12951	.03
ELRC-729-www.norden.org	v1	28565	4/12951	.03
ELRC-788-Croatian_Bank	v1	11061	4/12951	.03
ELRC-816-ANR_containing_major	v1	10302	4/12951	.03
ELRC-850-www.dst.dk	v1	22760	4/12951	.03
ELRC-_Chonradh	v1	9501	4/12951	.03
SETIMES	v2	242565	4/12951	.03
TED2020	v1	436417	4/12951	.03
ChuBiCo	v1	199932	3/12951	.02
ELITR-ECA	v1	11446	3/12951	.02
ELRA-W0131	v1	13492	3/12951	.02
ELRA-W0133	v1	2386	3/12951	.02
ELRA-W0168	v1	26230	3/12951	.02
ELRA-W0175	v1	2297	3/12951	.02
ELRA-W0183	v1	2406	3/12951	.02
ELRA-W0185	v1	1990	3/12951	.02
ELRA-W0202	v1	64241	3/12951	.02
ELRA-W0209	v1	91	3/12951	.02
ELRA-W0225	v1	431	3/12951	.02
ELRA-W0234	v1	7172	3/12951	.02
ELRA-W0249	v1	9089	3/12951	.02
ELRC-1015-Croatian_Mine_Action	v1	13492	3/12951	.02
ELRC-1020-collection_about_Cyp	v1	1893	3/12951	.02
ELRC-1055-ICT_Transport	v1	2386	3/12951	.02
ELRC-1077-EUIPO_law	v1	249932	3/12951	.02
ELRC-1240-Austrian_Research_Te	v1	2996	3/12951	.02
ELRC-1814-EIR_SPOS	v1	3292	3/12951	.02
ELRC-2012-EUIPO_2017	v1	15922	3/12951	.02
ELRC-2013-EUIPO_2017	v1	17260	3/12951	.02
ELRC-2014-EUIPO_2017	v1	17046	3/12951	.02
ELRC-2015-EUIPO_2017	v1	16447	3/12951	.02
ELRC-2016-EUIPO_2017	v1	16875	3/12951	.02
ELRC-2017-EUIPO_2017	v1	16806	3/12951	.02
ELRC-2018-EUIPO_2017	v1	17452	3/12951	.02
ELRC-2019-EUIPO_2017	v1	17045	3/12951	.02
ELRC-2020-EUIPO_2017	v1	17226	3/12951	.02
ELRC-2021-EUIPO_2017	v1	17144	3/12951	.02
ELRC-2022-EUIPO_2017	v1	17267	3/12951	.02
ELRC-2023-EUIPO_2017	v1	17331	3/12951	.02
ELRC-2024-EUIPO_2017	v1	17249	3/12951	.02
ELRC-2025-EUIPO_2017	v1	17119	3/12951	.02
ELRC-2026-EUIPO_2017	v1	16951	3/12951	.02
ELRC-2414-Tuarasclaca_Bliantla	v1	3120	3/12951	.02
ELRC-2442-_Chonradh_Ginearlta	v1	7518	3/12951	.02
ELRC-2461-press_releases_Forei	v1	15895	3/12951	.02
ELRC-2543-Inteliterm	v1	15569	3/12951	.02
ELRC-3566-EUR_LEX_covid	v1	21967	3/12951	.02
ELRC-412-EJTN_Handbook	v1	1818	3/12951	.02
ELRC-426-Danish_Higher_Educat	v1	1536	3/12951	.02
ELRC-427-Electronic_Exchange_	v1	9513	3/12951	.02
ELRC-431-Estonian_Foreign_Aff	v1	26230	3/12951	.02
ELRC-4327-Government_Offices_I	v1	37820	3/12951	.02
ELRC-437-Bulgarian_strategic_	v1	2587	3/12951	.02
ELRC-473-PKN_Orlen	v1	2297	3/12951	.02
ELRC-482-Polish_Foreign_Affai	v1	2406	3/12951	.02
ELRC-484-Procurement_2	v1	1990	3/12951	.02
ELRC-5174-French_Polish_Ukrain	v1	37533	3/12951	.02
ELRC-5181-Official_Parliament_	v1	60789	3/12951	.02
ELRC-535-www.nbim.no	v1	4006	3/12951	.02
ELRC-662-Expression_interest	v1	91	3/12951	.02
ELRC-734-www.norden.org	v1	37799	3/12951	.02
ELRC-785-Compendium_Social_In	v1	431	3/12951	.02
ELRC-817-Swedish_Audit_Riksre	v1	28527	3/12951	.02
ELRC-845-Corpora_legal_text	v1	924	3/12951	.02
ELRC-864-Chancellery_Prime_Mi	v1	9089	3/12951	.02
ELRC-904-uk.fm.dk	v1	6700	3/12951	.02
ELRC-939-vp2006_2016.presiden	v1	28998	3/12951	.02
ELRC-Bulgarian_strategic	v1	4704	3/12951	.02
ELRC-by_Presidency	v1	9142	3/12951	.02
ELRC-EUIPO_2017	v1	31587	3/12951	.02
ELRC-EUIPO_law	v1	485617	3/12951	.02
ELRC-EUR_LEX	v1	24126	3/12951	.02
ELRC-Official_Parliament	v1	180093	3/12951	.02
EUconst	v1	6683	3/12951	.02
OpenOffice	v2	36009	3/12951	.02
TED2013	v1.1	192310	3/12951	.02
bible-uedin	v1	74178	2/12951	.01
ELRA-W0169	v1	6897	2/12951	.01
ELRA-W0184	v1	3573	2/12951	.01
ELRA-W0187	v1	1818	2/12951	.01
ELRA-W0191	v1	61046	2/12951	.01
ELRA-W0204	v1	21255	2/12951	.01
ELRA-W0217	v1	10102	2/12951	.01
ELRA-W0255	v1	1646	2/12951	.01
ELRA-W0259	v1	2824	2/12951	.01
ELRA-W0267	v1	11066	2/12951	.01
ELRA-W0270	v1	11612	2/12951	.01
ELRA-W0274	v1	5470	2/12951	.01
ELRA-W0277	v1	3276	2/12951	.01
ELRA-W0279	v1	2649	2/12951	.01
ELRA-W0282	v1	1354	2/12951	.01
ELRA-W0297	v1	6620	2/12951	.01
ELRC-1054-health_care_social	v1	2106	2/12951	.01
ELRC-1127-www.vtv.fi	v1	41560	2/12951	.01
ELRC-1133-www.vtv.fi	v1	44890	2/12951	.01
ELRC-1981-EQF_Referencing_Repo	v1	2088	2/12951	.01
ELRC-2036-www.vero.fi	v1	21302	2/12951	.01
ELRC-2404-Czech_Supreme_Audit	v1	413	2/12951	.01
ELRC-2405-Czech_Supreme_Audit	v1	2914	2/12951	.01
ELRC_2922	v1	37769	2/12951	.01
ELRC_2923	v1	984	2/12951	.01
ELRC-3302-EUROPARL_covid	v1	820	2/12951	.01
ELRC-3303-EUROPARL_covid	v1	936	2/12951	.01
ELRC-3305-EUROPARL_covid	v1	528	2/12951	.01
ELRC-3306-EUROPARL_covid	v1	706	2/12951	.01
ELRC_3382	v1	6334	2/12951	.01
ELRC-3453-covid19.gov.lv	v1	785	2/12951	.01
ELRC-3459-EC_EUROPA_covid	v1	549	2/12951	.01
ELRC-3502-Coronavirus_Law_Pola	v1	4465	2/12951	.01
ELRC-3565-EUR_LEX_covid	v1	22863	2/12951	.01
ELRC-3603-presscorner_covid	v1	6557	2/12951	.01
ELRC-3604-presscorner_covid	v1	7112	2/12951	.01
ELRC-3607-presscorner_covid	v1	6513	2/12951	.01
ELRC-3613-presscorner_covid	v1	7029	2/12951	.01
ELRC-391-Bulgarian_strategic_	v1	2139	2/12951	.01
ELRC-411-Bank_Estonia	v1	16387	2/12951	.01
ELRC-416-Swedish_Social_Secur	v1	963	2/12951	.01
ELRC_416	v1	963	2/12951	.01
ELRC-433-State_Latvian	v1	6897	2/12951	.01
ELRC-483-Polish_Foreign_Affai	v1	3573	2/12951	.01
ELRC-486-Procurement_1	v1	1818	2/12951	.01
ELRC-490-Secretariat_General_	v1	61046	2/12951	.01
ELRC-5042-Kazakh_Legal_MT	v1	1021	2/12951	.01
ELRC-5060-A_mix_annual	v1	7177	2/12951	.01
ELRC-537-www.sjofartsdir.no	v1	2278	2/12951	.01
ELRC-590-www.lrs.lt	v1	1661	2/12951	.01
ELRC-591-www.lb.lt	v1	31709	2/12951	.01
ELRC-609-www.udi.no	v1	2162	2/12951	.01
ELRC-637-SIP	v1	10525	2/12951	.01
ELRC-651-government_websites_	v1	21255	2/12951	.01
ELRC-656-Macroeconomic_Develo	v1	158	2/12951	.01
ELRC-716-Finnish_Information_	v1	10102	2/12951	.01
ELRC-725-Hallituskausi_2011_2	v1	31822	2/12951	.01
ELRC-768-corpora_State_Admini	v1	49864	2/12951	.01
ELRC-776-by_Presidency_Counci	v1	4607	2/12951	.01
ELRC-802-Swedish_Competition_	v1	9252	2/12951	.01
ELRC-848-laegemiddelstyrelsen	v1	22183	2/12951	.01
ELRC-851-www.vikingeskibsmuse	v1	12106	2/12951	.01
ELRC-878-Digitization	v1	1646	2/12951	.01
ELRC-888-Employment_Services_	v1	2824	2/12951	.01
ELRC-899-Danish_FSA	v1	2008	2/12951	.01
ELRC-905-spillemyndigheden.dk	v1	3341	2/12951	.01
ELRC-924-statistical_reports_	v1	11066	2/12951	.01
ELRC-930-studies_reports_stat	v1	11612	2/12951	.01
ELRC-940-president.ee	v1	6776	2/12951	.01
ELRC-945-Business_Poland	v1	5470	2/12951	.01
ELRC-951-US_EMBASSY_CONSULATE	v1	3276	2/12951	.01
ELRC-956-Central_Statistical	v1	2649	2/12951	.01
ELRC-962-Regional_Development	v1	1354	2/12951	.01
ELRC-Czech_Supreme	v1	8322	2/12951	.01
ELRC-EC_EUROPA	v1	3849	2/12951	.01
ELRC-EUROPARL_covid	v1	1554	2/12951	.01
ELRC-Finnish_Information	v1	12252	2/12951	.01
ELRC-presscorner_covid	v1	11739	2/12951	.01
ELRC-Regional_Development	v1	9296	2/12951	.01
ELRC-Secretariat_General	v1	113374	2/12951	.01
ELRC-statistical_reports	v1	21820	2/12951	.01
ELRC-wikipedia_health	v1	37707	2/12951	.01
ELRC-www.vtv.fi	v1	53418	2/12951	.01
MontenegrinSubs	v1	59363	2/12951	.01
TedTalks	v1	81979	2/12951	.01
DGT	v2019	1253	1/12951	0
ELRA-W0134	v1	2360	1/12951	0
ELRA-W0137	v1	6024	1/12951	0
ELRA-W0138	v1	90058	1/12951	0
ELRA-W0173	v1	1169	1/12951	0
ELRA-W0174	v1	1565	1/12951	0
ELRA-W0181	v1	2809	1/12951	0
ELRA-W0190	v1	55912	1/12951	0
ELRA-W0196	v1	116	1/12951	0
ELRA-W0203	v1	12527	1/12951	0
ELRA-W0207	v1	106	1/12951	0
ELRA-W0215	v1	5325	1/12951	0
ELRA-W0218	v1	8376	1/12951	0
ELRA-W0222	v1	6873	1/12951	0
ELRA-W0247	v1	3929	1/12951	0
ELRA-W0266	v1	11797	1/12951	0
ELRA-W0271	v1	3429	1/12951	0
ELRA-W0273	v1	18450	1/12951	0
ELRA-W0286	v1	777	1/12951	0
ELRA-W0287	v1	27992	1/12951	0
ELRA-W0289	v1	793	1/12951	0
ELRA-W0291	v1	1034	1/12951	0
ELRA-W0292	v1	1949	1/12951	0
ELRA-W0307	v1	243	1/12951	0
ELRC-1056-open_broadband_infor	v1	2360	1/12951	0
ELRC-1070-Press_Information_Cy	v1	1853	1/12951	0
ELRC-1073-annual_reports_Slova	v1	6024	1/12951	0
ELRC-1075-EUIPO_law	v1	90058	1/12951	0
ELRC-1082-CNIO	v1	8525	1/12951	0
ELRC-1083-AECOSAN	v1	5917	1/12951	0
ELRC-1117-CORDIS_News	v1	110915	1/12951	0
ELRC-1118-CORDIS_News	v1	132424	1/12951	0
ELRC-1121-CORDIS_Results_Brief	v1	182055	1/12951	0
ELRC-1122-CORDIS_Results_Brief	v1	259759	1/12951	0
ELRC-1125-CORDIS_News	v1	113003	1/12951	0
ELRC-1126-CORDIS_Results_Brief	v1	242571	1/12951	0
ELRC-1128-www.visitestonia.com	v1	14527	1/12951	0
ELRC-1131-www.visitestonia.com	v1	14240	1/12951	0
ELRC-1158-Official_Tourism_Por	v1	9683	1/12951	0
ELRC-1241-2017_Activity_Report	v1	1045	1/12951	0
ELRC-1970-governmental_about_M	v1	1504	1/12951	0
ELRC-1992-Rural_Development_Pr	v1	4274	1/12951	0
ELRC-2441-_Chonradh_don	v1	2044	1/12951	0
ELRC-2443-LithrenGrasinOG	v1	3704	1/12951	0
ELRC-2467-Preasritis_Oifig_an	v1	116	1/12951	0
ELRC-2502-TERMITUR	v1	3312	1/12951	0
ELRC-2505-Preasriteas_M_Iil	v1	42	1/12951	0
ELRC-2549-Report_Best_practice	v1	205	1/12951	0
ELRC-2610-Polish_Energy_Conser	v1	2667	1/12951	0
ELRC-2867-EU_publications_medi	v1	404	1/12951	0
ELRC-3039-wikipedia_health	v1	406	1/12951	0
ELRC-3051-wikipedia_health	v1	145	1/12951	0
ELRC-3075-wikipedia_health	v1	4090	1/12951	0
ELRC-3077-wikipedia_health	v1	5123	1/12951	0
ELRC-3193-antibiotic	v1	1031	1/12951	0
ELRC-3201-antibiotic	v1	928	1/12951	0
ELRC-3204-antibiotic	v1	746	1/12951	0
ELRC-3210-antibiotic	v1	894	1/12951	0
ELRC-3215-antibiotic	v1	936	1/12951	0
ELRC-3284-EUROPARL_covid	v1	470	1/12951	0
ELRC-3285-EUROPARL_covid	v1	16	1/12951	0
ELRC-3286-EUROPARL_covid	v1	872	1/12951	0
ELRC-3287-EUROPARL_covid	v1	665	1/12951	0
ELRC-3288-EUROPARL_covid	v1	138	1/12951	0
ELRC-3289-EUROPARL_covid	v1	613	1/12951	0
ELRC-3290-EUROPARL_covid	v1	681	1/12951	0
ELRC-3291-EUROPARL_covid	v1	709	1/12951	0
ELRC-3292-EUROPARL_covid	v1	540	1/12951	0
ELRC-3293-EUROPARL_covid	v1	707	1/12951	0
ELRC-3294-EUROPARL_covid	v1	402	1/12951	0
ELRC-3295-EUROPARL_covid	v1	624	1/12951	0
ELRC-3296-EUROPARL_covid	v1	524	1/12951	0
ELRC-3297-EUROPARL_covid	v1	773	1/12951	0
ELRC-3298-EUROPARL_covid	v1	642	1/12951	0
ELRC-3299-EUROPARL_covid	v1	641	1/12951	0
ELRC-3300-EUROPARL_covid	v1	626	1/12951	0
ELRC-3301-EUROPARL_covid	v1	832	1/12951	0
ELRC-3304-EUROPARL_covid	v1	801	1/12951	0
ELRC-3456-EC_EUROPA_covid	v1	50	1/12951	0
ELRC-3457-EC_EUROPA_covid	v1	2359	1/12951	0
ELRC-3458-EC_EUROPA_covid	v1	2593	1/12951	0
ELRC-3460-EC_EUROPA_covid	v1	2842	1/12951	0
ELRC-3461-EC_EUROPA_covid	v1	2194	1/12951	0
ELRC-3462-EC_EUROPA_covid	v1	2360	1/12951	0
ELRC-3463-EC_EUROPA_covid	v1	2354	1/12951	0
ELRC-3464-EC_EUROPA_covid	v1	2504	1/12951	0
ELRC-3465-EC_EUROPA_covid	v1	2444	1/12951	0
ELRC-3466-EC_EUROPA_covid	v1	2788	1/12951	0
ELRC-3467-EC_EUROPA_covid	v1	2365	1/12951	0
ELRC-3468-EC_EUROPA_covid	v1	2620	1/12951	0
ELRC-3469-EC_EUROPA_covid	v1	2349	1/12951	0
ELRC-3470-EC_EUROPA_covid	v1	2917	1/12951	0
ELRC-3471-EC_EUROPA_covid	v1	2693	1/12951	0
ELRC-3473-EC_EUROPA_covid	v1	1837	1/12951	0
ELRC-3474-EC_EUROPA_covid	v1	2448	1/12951	0
ELRC-3475-EC_EUROPA_covid	v1	2500	1/12951	0
ELRC-3476-EC_EUROPA_covid	v1	2313	1/12951	0
ELRC-3477-EC_EUROPA_covid	v1	2385	1/12951	0
ELRC-3478-EC_EUROPA_covid	v1	2542	1/12951	0
ELRC-3554-www.kriis.ee	v1	426	1/12951	0
ELRC-3556-EUR_LEX_covid	v1	21721	1/12951	0
ELRC-3563-EUR_LEX_covid	v1	22524	1/12951	0
ELRC-3568-EUR_LEX_covid	v1	21161	1/12951	0
ELRC-3597-presscorner_covid	v1	6578	1/12951	0
ELRC-3599-presscorner_covid	v1	6709	1/12951	0
ELRC-3600-presscorner_covid	v1	6711	1/12951	0
ELRC-3602-presscorner_covid	v1	6638	1/12951	0
ELRC-3605-presscorner_covid	v1	6184	1/12951	0
ELRC-3606-presscorner_covid	v1	9860	1/12951	0
ELRC-3608-presscorner_covid	v1	6228	1/12951	0
ELRC-3609-presscorner_covid	v1	6420	1/12951	0
ELRC-3610-presscorner_covid	v1	10857	1/12951	0
ELRC-3611-presscorner_covid	v1	6943	1/12951	0
ELRC-3612-presscorner_covid	v1	7247	1/12951	0
ELRC-3614-presscorner_covid	v1	6265	1/12951	0
ELRC-3615-presscorner_covid	v1	6708	1/12951	0
ELRC-3616-presscorner_covid	v1	7185	1/12951	0
ELRC-3617-presscorner_covid	v1	6950	1/12951	0
ELRC-3618-presscorner_covid	v1	6652	1/12951	0
ELRC-3619-presscorner_covid	v1	6630	1/12951	0
ELRC-3853-State_Assets	v1	2822	1/12951	0
ELRC-3856-PRESS	v1	34	1/12951	0
ELRC-394-Danish_Higher_Educat	v1	3049	1/12951	0
ELRC-401-Swedish_Labour_Part2	v1	1572	1/12951	0
ELRC-439-Danish_Higher_Educat	v1	3646	1/12951	0
ELRC-471-Bugarian_Revenue	v1	1169	1/12951	0
ELRC-472-Polish_Central_Stati	v1	1565	1/12951	0
ELRC-478-Polish_Food_4	v1	4442	1/12951	0
ELRC-480-Polish_Food_3	v1	2809	1/12951	0
ELRC-489-Secretariat_General_	v1	55912	1/12951	0
ELRC-496-Convention_transfer_	v1	116	1/12951	0
ELRC-502-Icelandic_Financial_	v1	1507	1/12951	0
ELRC-505-www.pfs.is	v1	2908	1/12951	0
ELRC-508-Tilde_Statistics_Ice	v1	2453	1/12951	0
ELRC-5124-Government_Ireland_P	v1	613	1/12951	0
ELRC-5128-Celebrating_Our_Livi	v1	18	1/12951	0
ELRC-5136-Tuarasclacha_Bliantl	v1	1307	1/12951	0
ELRC-5137-Preasritis__Choliste	v1	111	1/12951	0
ELRC-5139-Bileog_do_Phlean	v1	36	1/12951	0
ELRC-5153-A_crisis_number	v1	26	1/12951	0
ELRC-5180-Official_Parliament_	v1	116083	1/12951	0
ELRC-5182-Official_Parliament_	v1	8803	1/12951	0
ELRC-5183-SciPar_Ukraine	v1	320840	1/12951	0
ELRC-5189-Catalan_WMT2013_Mach	v1	3022	1/12951	0
ELRC-5218-Georgian_Legal_MT	v1	1022	1/12951	0
ELRC-530-nmh.no	v1	5028	1/12951	0
ELRC-536-www.fhi.no	v1	2414	1/12951	0
ELRC-538-www.ngu.no	v1	1899	1/12951	0
ELRC-631-BMVI_Website	v1	2779	1/12951	0
ELRC-633-BMI_Brochures_2016	v1	1199	1/12951	0
ELRC-646-International_Judici	v1	243	1/12951	0
ELRC-649-Greek_administration	v1	12527	1/12951	0
ELRC-714-Parliament_Estonia	v1	5325	1/12951	0
ELRC-717-Finnish_Information_	v1	8376	1/12951	0
ELRC-718-Statistics_Iceland	v1	2415	1/12951	0
ELRC-744-Finnish_Information_	v1	6873	1/12951	0
ELRC-770-National_Security_De	v1	864	1/12951	0
ELRC-774-Presidency	v1	16365	1/12951	0
ELRC-775-by_Presidency_Counci	v1	4536	1/12951	0
ELRC-823-Swedish_Swedish_Crim	v1	1503	1/12951	0
ELRC-837-Legal	v1	1291	1/12951	0
ELRC-854-www.geus.dk	v1	1656	1/12951	0
ELRC-858-Export_Promotion_Por	v1	3929	1/12951	0
ELRC-894-Gallery_Denmark	v1	791	1/12951	0
ELRC-921-studies_challenges_C	v1	11797	1/12951	0
ELRC-932-Hellenic_Foreign_Aff	v1	3429	1/12951	0
ELRC-938-vp2001_2006.presiden	v1	25362	1/12951	0
ELRC-943-Journal_Croatian_Ass	v1	18450	1/12951	0
ELRC-973-Science_Higher_Educa	v1	777	1/12951	0
ELRC-975-Science_Poland	v1	27992	1/12951	0
ELRC-979-Audiovisual_Institut	v1	793	1/12951	0
ELRC-984-Government_Cooperati	v1	1034	1/12951	0
ELRC-986-Embassy_Finland_Zagr	v1	1949	1/12951	0
ELRC-antibiotic	v1	1578	1/12951	0
ELRC-CORDIS_News	v1	149280	1/12951	0
ELRC-CORDIS_Results	v1	288453	1/12951	0
ELRC-Polish_Food	v1	13217	1/12951	0
ELRC-Rural_Development	v1	9133	1/12951	0
ELRC-Swedish_Labour	v1	2553	1/12951	0
ELRC-TERMITUR	v1	3312	1/12951	0
ELRC-www.visitestonia.com	v1	21337	1/12951	0
GNOME	v1	5352	1/12951	0
hrenWaC	v1	96103	1/12951	0
liv4ever	v1	606	1/12951	0
MPC1	v1	811	1/12951	0
pmindia	v1	80655	1/12951	0
Salome	v1	1213	1/12951	0
SUMMA	v1	89864	1/12951	0
TEP	v1	521471	1/12951	0
ada83	v1	3874	0/12951	0
CAPES	v1	1158123	0/12951	0
ELRA-W0130	v1	2199	0/12951	0
ELRA-W0135	v1	2323	0/12951	0
ELRA-W0142	v1	2394	0/12951	0
ELRA-W0143	v1	30485	0/12951	0
ELRA-W0147	v1	32179	0/12951	0
ELRA-W0149	v1	31626	0/12951	0
ELRA-W0150	v1	35014	0/12951	0
ELRA-W0157	v1	3241	0/12951	0
ELRA-W0159	v1	7204	0/12951	0
ELRA-W0160	v1	9174	0/12951	0
ELRA-W0164	v1	1052	0/12951	0
ELRA-W0170	v1	6563	0/12951	0
ELRA-W0176	v1	2024	0/12951	0
ELRA-W0177	v1	3026	0/12951	0
ELRA-W0178	v1	6077	0/12951	0
ELRA-W0180	v1	2961	0/12951	0
ELRA-W0182	v1	3651	0/12951	0
ELRA-W0186	v1	2462	0/12951	0
ELRA-W0188	v1	2713	0/12951	0
ELRA-W0189	v1	2719	0/12951	0
ELRA-W0192	v1	5525	0/12951	0
ELRA-W0193	v1	133966	0/12951	0
ELRA-W0194	v1	98101	0/12951	0
ELRA-W0195	v1	14185	0/12951	0
ELRA-W0205	v1	1983	0/12951	0
ELRA-W0208	v1	44	0/12951	0
ELRA-W0210	v1	434	0/12951	0
ELRA-W0211	v1	11228	0/12951	0
ELRA-W0212	v1	14642	0/12951	0
ELRA-W0213	v1	1958	0/12951	0
ELRA-W0214	v1	15469	0/12951	0
ELRA-W0216	v1	11610	0/12951	0
ELRA-W0223	v1	66410	0/12951	0
ELRA-W0224	v1	1104	0/12951	0
ELRA-W0227	v1	1727	0/12951	0
ELRA-W0228	v1	2159	0/12951	0
ELRA-W0229	v1	3605	0/12951	0
ELRA-W0230	v1	1989	0/12951	0
ELRA-W0232	v1	0	0/12951	0
ELRA-W0233	v1	3426	0/12951	0
ELRA-W0235	v1	3564	0/12951	0
ELRA-W0238	v1	906	0/12951	0
ELRA-W0239	v1	8092	0/12951	0
ELRA-W0242	v1	2712	0/12951	0
ELRA-W0244	v1	14622	0/12951	0
ELRA-W0246	v1	1502	0/12951	0
ELRA-W0251	v1	2079	0/12951	0
ELRA-W0252	v1	482	0/12951	0
ELRA-W0253	v1	79	0/12951	0
ELRA-W0254	v1	231	0/12951	0
ELRA-W0256	v1	559	0/12951	0
ELRA-W0257	v1	644	0/12951	0
ELRA-W0258	v1	625	0/12951	0
ELRA-W0260	v1	2265	0/12951	0
ELRA-W0261	v1	1397	0/12951	0
ELRA-W0262	v1	1285	0/12951	0
ELRA-W0264	v1	10770	0/12951	0
ELRA-W0265	v1	8710	0/12951	0
ELRA-W0272	v1	5355	0/12951	0
ELRA-W0275	v1	4581	0/12951	0
ELRA-W0276	v1	4354	0/12951	0
ELRA-W0278	v1	2720	0/12951	0
ELRA-W0280	v1	1775	0/12951	0
ELRA-W0281	v1	1396	0/12951	0
ELRA-W0283	v1	1318	0/12951	0
ELRA-W0284	v1	956	0/12951	0
ELRA-W0285	v1	641	0/12951	0
ELRA-W0288	v1	692	0/12951	0
ELRA-W0290	v1	617	0/12951	0
ELRA-W0293	v1	2958	0/12951	0
ELRA-W0294	v1	2417	0/12951	0
ELRA-W0301	v1	23	0/12951	0
ELRA-W0305	v1	1148	0/12951	0
ELRA-W0308	v1	155	0/12951	0
ELRA-W0309	v1	205	0/12951	0
ELRC-1000-legislation_Bulgaria	v1	5183	0/12951	0
ELRC-1013-Sweden_a_Pocket	v1	2199	0/12951	0
ELRC-1021-Commitment_Property_	v1	22	0/12951	0
ELRC-1022-COMPULSORY_EXPROPRIA	v1	42	0/12951	0
ELRC-1058-University_Library_Z	v1	2323	0/12951	0
ELRC-1060-Information_society	v1	3257	0/12951	0
ELRC-1065-PIO_Publication_Cypr	v1	1343	0/12951	0
ELRC-1067-PIO_Publication_Wind	v1	2633	0/12951	0
ELRC-1074-annual_reports_Stati	v1	5258	0/12951	0
ELRC-1076-EUIPO_law	v1	114632	0/12951	0
ELRC-1078-EUIPO_law	v1	35026	0/12951	0
ELRC-1080-Acts_Biological_Land	v1	2394	0/12951	0
ELRC-1081-Forbruker_Europa	v1	3606	0/12951	0
ELRC-1092-EUIPO_list	v1	30485	0/12951	0
ELRC-1096-EUIPO_list	v1	32179	0/12951	0
ELRC-1100-EUIPO_list	v1	31626	0/12951	0
ELRC-1101-EUIPO_list	v1	35014	0/12951	0
ELRC-1119-CORDIS_News	v1	123380	0/12951	0
ELRC-1120-CORDIS_News	v1	87752	0/12951	0
ELRC-1123-CORDIS_Results_Brief	v1	252934	0/12951	0
ELRC-1124-CORDIS_Results_Brief	v1	201581	0/12951	0
ELRC-1129-www.visitestonia.com	v1	13837	0/12951	0
ELRC-1130-www.visitestonia.com	v1	13744	0/12951	0
ELRC-1159-Swedish_Migration_Bo	v1	1091	0/12951	0
ELRC-1173-PIO_Publication_CYPR	v1	588	0/12951	0
ELRC-1174-EUIPO_2017	v1	17211	0/12951	0
ELRC-1175-EUIPO_2017	v1	20173	0/12951	0
ELRC-1176-EUIPO_2017	v1	19714	0/12951	0
ELRC-1177-EUIPO_2017	v1	20399	0/12951	0
ELRC-1178-EUIPO_2017	v1	17582	0/12951	0
ELRC-1179-EUIPO_2017	v1	16286	0/12951	0
ELRC-1180-EUIPO_2017	v1	19862	0/12951	0
ELRC-1238-Energy_Report_City	v1	499	0/12951	0
ELRC-1243-Vienna_Environmental	v1	2257	0/12951	0
ELRC-1815-EIR_Newsletter	v1	3807	0/12951	0
ELRC-1977-Standard_Norge	v1	120068	0/12951	0
ELRC-1984-Hellenic_Gaming_Comm	v1	3603	0/12951	0
ELRC-1986-Constitution_Greece	v1	1030	0/12951	0
ELRC-2328-Agriculture_Forestry	v1	1539	0/12951	0
ELRC-2406-Czech_Supreme_Audit	v1	4781	0/12951	0
ELRC-2407-Czech_Supreme_Audit	v1	233	0/12951	0
ELRC-2420-Press_Releases_Depar	v1	420	0/12951	0
ELRC-2423-Preasritis_Ollscoil_	v1	87	0/12951	0
ELRC-2424-Preasritis_Gaois_Fio	v1	1075	0/12951	0
ELRC-2425-Preasritis_Gaois_Fio	v1	185	0/12951	0
ELRC-2438-www.citizensinformat	v1	6605	0/12951	0
ELRC-2439-Ritis_Airgeadais_Oll	v1	741	0/12951	0
ELRC-2440-Polsas_ar_Fheinilach	v1	193	0/12951	0
ELRC-2449-Litir__Oifig	v1	22	0/12951	0
ELRC-2451-Pleananna_ITBC_le	v1	12	0/12951	0
ELRC-2452-Tuairisc_a_thug	v1	143	0/12951	0
ELRC-2457-Estonian_Classificat	v1	6437	0/12951	0
ELRC-2458-Tarmaocht_agus_aistr	v1	307	0/12951	0
ELRC-2459-Pstaer_faoi_scoil	v1	6	0/12951	0
ELRC-2460-Preasriteas_faoi_foi	v1	31	0/12951	0
ELRC-2462-Preasriteas_faoi_Uac	v1	17	0/12951	0
ELRC-2463-Toili_don_Scagthstil	v1	29	0/12951	0
ELRC-2464-Foirm_FSS_Iarratais	v1	12	0/12951	0
ELRC-2465-Faisnis_faoi_IDS	v1	30	0/12951	0
ELRC-2466-Leabhrn_dAonad_Altra	v1	249	0/12951	0
ELRC-2468-Oifig_Ombudsman_irin	v1	275	0/12951	0
ELRC-2469-Ritis_Airgeadais_Oif	v1	528	0/12951	0
ELRC-2473-do_Consumidor	v1	9	0/12951	0
ELRC-2474-Marketing_Influncia	v1	113	0/12951	0
ELRC-2478-Glossrio_PT_EN	v1	205	0/12951	0
ELRC-2479-Lei_orgnica_2	v1	175	0/12951	0
ELRC-2480-Estatuto_dos_Deputad	v1	677	0/12951	0
ELRC-2481-Constituio_da_Repbli	v1	3618	0/12951	0
ELRC-2484-legislao	v1	209	0/12951	0
ELRC-2497-Tuarascil_Bhliantil_	v1	2822	0/12951	0
ELRC-2498-Plan_Nacional_e	v1	1427	0/12951	0
ELRC-2503-Descripciones_vulner	v1	126524	0/12951	0
ELRC-2506-Programme_Government	v1	1235	0/12951	0
ELRC-2508-Preasritis_Ollscoil_	v1	43	0/12951	0
ELRC-2509-Comhdhil_Cumann_Idir	v1	20	0/12951	0
ELRC-2536-Estatuto_da_Vtima	v1	149	0/12951	0
ELRC-2537-Lei_20_2008	v1	49	0/12951	0
ELRC-2538-Lei_25_2009	v1	171	0/12951	0
ELRC-2541-Regional_Development	v1	7952	0/12951	0
ELRC-2546-Competition_Economic	v1	28	0/12951	0
ELRC-2558-government_websites_	v1	862	0/12951	0
ELRC-2559-government_websites_	v1	1132	0/12951	0
ELRC-2560-government_websites_	v1	832	0/12951	0
ELRC-2612-Artigos_visitportuga	v1	1619	0/12951	0
ELRC-2614-Localidades_2007	v1	1825	0/12951	0
ELRC-2616-Museus_2007	v1	1175	0/12951	0
ELRC-2617-Museus_2007_Part2	v1	6	0/12951	0
ELRC-2622-Arquitectura_2007	v1	153	0/12951	0
ELRC-2623-Patrimnio_Aores_2006	v1	65	0/12951	0
ELRC-2638-monumentos_2007	v1	3025	0/12951	0
ELRC-2639-Parques_e_reservas	v1	289	0/12951	0
ELRC-2641-Praias_2007	v1	734	0/12951	0
ELRC-2732-vaccination	v1	482	0/12951	0
ELRC-2733-vaccination	v1	499	0/12951	0
ELRC-2734-vaccination	v1	483	0/12951	0
ELRC-2735-vaccination	v1	483	0/12951	0
ELRC-2736-vaccination	v1	477	0/12951	0
ELRC-2737-vaccination	v1	477	0/12951	0
ELRC-2738-vaccination	v1	478	0/12951	0
ELRC-2739-vaccination	v1	443	0/12951	0
ELRC-2740-vaccination	v1	499	0/12951	0
ELRC-2741-vaccination	v1	492	0/12951	0
ELRC-2742-vaccination	v1	472	0/12951	0
ELRC-2743-vaccination	v1	474	0/12951	0
ELRC-2744-vaccination	v1	485	0/12951	0
ELRC-2745-vaccination	v1	489	0/12951	0
ELRC-2746-vaccination	v1	409	0/12951	0
ELRC-2747-vaccination	v1	454	0/12951	0
ELRC-2748-vaccination	v1	279	0/12951	0
ELRC-2749-vaccination	v1	491	0/12951	0
ELRC-2750-vaccination	v1	478	0/12951	0
ELRC-2751-vaccination	v1	451	0/12951	0
ELRC-2752-vaccination	v1	479	0/12951	0
ELRC-2753-vaccination	v1	480	0/12951	0
ELRC-2754-vaccination	v1	440	0/12951	0
ELRC-3037-wikipedia_health	v1	149	0/12951	0
ELRC-3040-wikipedia_health	v1	1538	0/12951	0
ELRC-3041-wikipedia_health	v1	745	0/12951	0
ELRC-3042-wikipedia_health	v1	318	0/12951	0
ELRC-3043-wikipedia_health	v1	2737	0/12951	0
ELRC-3044-wikipedia_health	v1	931	0/12951	0
ELRC-3045-wikipedia_health	v1	336	0/12951	0
ELRC-3046-wikipedia_health	v1	202	0/12951	0
ELRC-3047-wikipedia_health	v1	205	0/12951	0
ELRC-3048-wikipedia_health	v1	237	0/12951	0
ELRC-3049-wikipedia_health	v1	2689	0/12951	0
ELRC-3050-wikipedia_health	v1	750	0/12951	0
ELRC-3052-wikipedia_health	v1	386	0/12951	0
ELRC-3053-wikipedia_health	v1	961	0/12951	0
ELRC-3054-wikipedia_health	v1	3206	0/12951	0
ELRC-3055-wikipedia_health	v1	371	0/12951	0
ELRC-3056-wikipedia_health	v1	145	0/12951	0
ELRC-3057-wikipedia_health	v1	2358	0/12951	0
ELRC-3058-wikipedia_health	v1	1878	0/12951	0
ELRC-3059-wikipedia_health	v1	131	0/12951	0
ELRC-3060-wikipedia_health	v1	632	0/12951	0
ELRC-3061-wikipedia_health	v1	246	0/12951	0
ELRC-3062-wikipedia_health	v1	1147	0/12951	0
ELRC-3063-wikipedia_health	v1	2106	0/12951	0
ELRC-3064-wikipedia_health	v1	401	0/12951	0
ELRC-3065-wikipedia_health	v1	3150	0/12951	0
ELRC-3066-wikipedia_health	v1	524	0/12951	0
ELRC-3067-wikipedia_health	v1	362	0/12951	0
ELRC-3068-wikipedia_health	v1	217	0/12951	0
ELRC-3069-wikipedia_health	v1	136	0/12951	0
ELRC-3070-wikipedia_health	v1	1648	0/12951	0
ELRC-3071-wikipedia_health	v1	687	0/12951	0
ELRC-3072-wikipedia_health	v1	454	0/12951	0
ELRC-3073-wikipedia_health	v1	613	0/12951	0
ELRC-3074-wikipedia_health	v1	4356	0/12951	0
ELRC-3076-wikipedia_health	v1	133	0/12951	0
ELRC-3078-wikipedia_health	v1	1986	0/12951	0
ELRC-3079-wikipedia_health	v1	276	0/12951	0
ELRC-3080-wikipedia_health	v1	7324	0/12951	0
ELRC-3082-wikipedia_health	v1	535	0/12951	0
ELRC-3083-wikipedia_health	v1	15108	0/12951	0
ELRC-3084-wikipedia_health	v1	693	0/12951	0
ELRC-3085-wikipedia_health	v1	964	0/12951	0
ELRC-3086-wikipedia_health	v1	4262	0/12951	0
ELRC-3087-wikipedia_health	v1	693	0/12951	0
ELRC-3088-wikipedia_health	v1	1960	0/12951	0
ELRC-3089-wikipedia_health	v1	142	0/12951	0
ELRC-3194-antibiotic	v1	166	0/12951	0
ELRC-3195-antibiotic	v1	779	0/12951	0
ELRC-3196-antibiotic	v1	845	0/12951	0
ELRC-3197-antibiotic	v1	363	0/12951	0
ELRC-3198-antibiotic	v1	923	0/12951	0
ELRC-3199-antibiotic	v1	959	0/12951	0
ELRC-3200-antibiotic	v1	847	0/12951	0
ELRC-3202-antibiotic	v1	864	0/12951	0
ELRC-3203-antibiotic	v1	654	0/12951	0
ELRC-3205-antibiotic	v1	785	0/12951	0
ELRC-3206-antibiotic	v1	775	0/12951	0
ELRC-3207-antibiotic	v1	572	0/12951	0
ELRC-3208-antibiotic	v1	1005	0/12951	0
ELRC-3209-antibiotic	v1	958	0/12951	0
ELRC-3211-antibiotic	v1	693	0/12951	0
ELRC-3212-antibiotic	v1	766	0/12951	0
ELRC-3213-antibiotic	v1	913	0/12951	0
ELRC-3214-antibiotic	v1	801	0/12951	0
ELRC-3216-antibiotic	v1	992	0/12951	0
ELRC-3217-antibiotic	v1	783	0/12951	0
ELRC-3472-EC_EUROPA_covid	v1	2630	0/12951	0
ELRC-3555-Law_Higher_Education	v1	2976	0/12951	0
ELRC-3557-EUR_LEX_covid	v1	403	0/12951	0
ELRC-3558-EUR_LEX_covid	v1	22125	0/12951	0
ELRC-3559-EUR_LEX_covid	v1	21588	0/12951	0
ELRC-3560-EUR_LEX_covid	v1	4508	0/12951	0
ELRC-3561-EUR_LEX_covid	v1	22252	0/12951	0
ELRC-3562-EUR_LEX_covid	v1	22588	0/12951	0
ELRC-3564-EUR_LEX_covid	v1	22215	0/12951	0
ELRC-3567-EUR_LEX_covid	v1	20985	0/12951	0
ELRC-3569-EUR_LEX_covid	v1	23348	0/12951	0
ELRC-3570-EUR_LEX_covid	v1	21919	0/12951	0
ELRC-3571-EUR_LEX_covid	v1	22605	0/12951	0
ELRC-3572-EUR_LEX_covid	v1	21682	0/12951	0
ELRC-3573-EUR_LEX_covid	v1	20671	0/12951	0
ELRC-3574-EUR_LEX_covid	v1	22077	0/12951	0
ELRC-3575-EUR_LEX_covid	v1	21819	0/12951	0
ELRC-3576-EUR_LEX_covid	v1	22249	0/12951	0
ELRC-3577-EUR_LEX_covid	v1	22601	0/12951	0
ELRC-3578-EUR_LEX_covid	v1	22011	0/12951	0
ELRC-3598-presscorner_covid	v1	15	0/12951	0
ELRC-3601-presscorner_covid	v1	1673	0/12951	0
ELRC-3852-Development_Funds_Re	v1	2919	0/12951	0
ELRC-3855-SWPS_University_Soci	v1	1304	0/12951	0
ELRC-3857-State_Budget_Executi	v1	180	0/12951	0
ELRC-386-Statens_Vegvesen	v1	1637	0/12951	0
ELRC-397-Danish_Higher_Educat	v1	3241	0/12951	0
ELRC-402-MFA_Latvia	v1	7204	0/12951	0
ELRC-403-Rights_Arrested	v1	23	0/12951	0
ELRC-405-President_Lithuania	v1	9174	0/12951	0
ELRC-406-Swedish_Labour_Part1	v1	1100	0/12951	0
ELRC-408-transport	v1	3230	0/12951	0
ELRC-40-Information_Portal_C	v1	1836	0/12951	0
ELRC-417-Swedish_Work_Environ	v1	7028	0/12951	0
ELRC-419-Greek_legislation_An	v1	1052	0/12951	0
ELRC-422-Portuguese_legislati	v1	2485	0/12951	0
ELRC-4295-www.malfong.is	v1	12374	0/12951	0
ELRC-435-Romanian_New_Crimina	v1	6563	0/12951	0
ELRC-436-Swedish_Food	v1	1148	0/12951	0
ELRC-438-Legislation_PT	v1	2316	0/12951	0
ELRC-474-Natolin_Centre	v1	2024	0/12951	0
ELRC-475-Polish_Food	v1	3026	0/12951	0
ELRC-477-Health_Fund	v1	5656	0/12951	0
ELRC-479-Polish_Food_2	v1	2961	0/12951	0
ELRC-481-Polish_Foreign_Affai	v1	3651	0/12951	0
ELRC-485-Civil_Aviation_Regul	v1	2403	0/12951	0
ELRC-487-Culture_Slovak	v1	2713	0/12951	0
ELRC-488-Justice_Slovak	v1	2719	0/12951	0
ELRC-491-Romanian_literature	v1	5525	0/12951	0
ELRC-492-Romanian_Wikipedia	v1	133966	0/12951	0
ELRC-493-Romanian_news	v1	98101	0/12951	0
ELRC-494-forbrukereuropa.no	v1	14185	0/12951	0
ELRC-4992-Customer_Support_MT	v1	1371	0/12951	0
ELRC-4993-Basque_Wikinews_MT	v1	1784	0/12951	0
ELRC-4994-Latvian_Financial_MT	v1	1999	0/12951	0
ELRC-4995-Finnish_Financial_MT	v1	1001	0/12951	0
ELRC-4996-Norwegian_Financial_	v1	2005	0/12951	0
ELRC-504-www.iceida.is	v1	1048	0/12951	0
ELRC-506-www.lanamal.is	v1	1138	0/12951	0
ELRC-5086-Intellectual_Propert	v1	1303	0/12951	0
ELRC-509-Gallery_Iceland	v1	588	0/12951	0
ELRC-510-Harpa_Reykjavik_Conc	v1	1194	0/12951	0
ELRC-511-bokmenntaborgin_is	v1	327	0/12951	0
ELRC-5123-2020_Annual_Report	v1	894	0/12951	0
ELRC-5125-IRC_Conditions_award	v1	456	0/12951	0
ELRC-5126-IRC_Early_Career	v1	552	0/12951	0
ELRC-5135-Preasritis__Choliste	v1	182	0/12951	0
ELRC-5138-Preasritis__Choliste	v1	228	0/12951	0
ELRC-5141-Preasritis__Choliste	v1	50	0/12951	0
ELRC-5142-Preasriteas__Cholist	v1	206	0/12951	0
ELRC-5143-Preasriteas__Cholist	v1	184	0/12951	0
ELRC-5144-Iarracht_ar_Threoir	v1	167	0/12951	0
ELRC-5145-Roinn_an_Dl	v1	494	0/12951	0
ELRC-5146-Irish_Government_Pre	v1	124	0/12951	0
ELRC-5149-Tuarascil_Bhliantil_	v1	1086	0/12951	0
ELRC-5150-Language_Scheme_Cust	v1	490	0/12951	0
ELRC-5160-Press_Releases_PIO	v1	957	0/12951	0
ELRC-516-Icelandic_Medicines	v1	701	0/12951	0
ELRC-517-Icelandic_Directorat	v1	1516	0/12951	0
ELRC-5190-Cyber_MT_Test	v1	1017	0/12951	0
ELRC-519-www.ssb.no	v1	6460	0/12951	0
ELRC-5217-Ukrainian_Legal_MT	v1	976	0/12951	0
ELRC-521-www.npolar.no	v1	7696	0/12951	0
ELRC-522-KORO_Art_Norway	v1	4658	0/12951	0
ELRC-524-www.uib.no	v1	2476	0/12951	0
ELRC-527-University_Agder	v1	1052	0/12951	0
ELRC-531-www.usn.no	v1	2041	0/12951	0
ELRC-533-www.finanstilsynet.n	v1	1391	0/12951	0
ELRC-540-nofima.no	v1	8675	0/12951	0
ELRC-541-www.imr.no	v1	3223	0/12951	0
ELRC-559-www.npd.no	v1	18283	0/12951	0
ELRC-561-Norway_petroleum	v1	1672	0/12951	0
ELRC-562-www.petoro.no	v1	3884	0/12951	0
ELRC-564-www.aibn.no	v1	2764	0/12951	0
ELRC-565-avinor.no	v1	3565	0/12951	0
ELRC-571-www.une.no	v1	1089	0/12951	0
ELRC-572-www.ptil.no	v1	1131	0/12951	0
ELRC-573-www.responsiblebusin	v1	3000	0/12951	0
ELRC-574-www.barentswatch.no	v1	3351	0/12951	0
ELRC-583-www.hafslund.no	v1	3459	0/12951	0
ELRC-592-kam.lt	v1	7798	0/12951	0
ELRC-594-Norwegian_Directorat	v1	2169	0/12951	0
ELRC-597-www.nordisketax.net	v1	1025	0/12951	0
ELRC-598-www.nordisketax.net	v1	1002	0/12951	0
ELRC-605-www.altinn.no	v1	2698	0/12951	0
ELRC-610-Norwegian_Directorat	v1	663	0/12951	0
ELRC-611-Courts_Norway	v1	1462	0/12951	0
ELRC-612-Courts_Norway	v1	1393	0/12951	0
ELRC-613-www.patentstyret.no	v1	1264	0/12951	0
ELRC-614-Norwegian_Industrial	v1	1216	0/12951	0
ELRC-621-Federal_Constitution	v1	4109	0/12951	0
ELRC-630-BMVI_Publications	v1	11709	0/12951	0
ELRC-632-BMI_Brochure_Civil	v1	179	0/12951	0
ELRC-648-Letter_rights_person	v1	132	0/12951	0
ELRC-652-Greek_law	v1	1983	0/12951	0
ELRC-658-Methodological_Recon	v1	44	0/12951	0
ELRC-663-Memorandum_a_ESM	v1	434	0/12951	0
ELRC-664-administration	v1	11228	0/12951	0
ELRC-674-Polish_Investment_Tr	v1	14642	0/12951	0
ELRC-712-Social_Insurance_Frs	v1	1958	0/12951	0
ELRC-715-Finance_Economics_Ba	v1	11610	0/12951	0
ELRC-745-Convention_against_T	v1	205	0/12951	0
ELRC-780-Coimisineir_Teanga	v1	311	0/12951	0
ELRC-781-Gaois_legislation	v1	66410	0/12951	0
ELRC-784-Coimisineir_Teanga_R	v1	1104	0/12951	0
ELRC-793-POLISH_PHRASE_BOOK	v1	1727	0/12951	0
ELRC-798-Financial_Stability_	v1	2141	0/12951	0
ELRC-799-Financial_Stability_	v1	3603	0/12951	0
ELRC-801-Coimisineir_Teanga_R	v1	1989	0/12951	0
ELRC-804-UCD_Bord_na	v1	229	0/12951	0
ELRC-805-Udras_na_Gaeltachta	v1	1374	0/12951	0
ELRC-807-Malta_Government_Gaz	v1	3426	0/12951	0
ELRC-813-Polish_Foreign_Affai	v1	3564	0/12951	0
ELRC-825-Croatian_Swedish_Cri	v1	906	0/12951	0
ELRC-829-Swedish_Migration_Bo	v1	8092	0/12951	0
ELRC-830-Swedish_Economic_Reg	v1	902	0/12951	0
ELRC-832-CHARTER_VALUES_CITIZ	v1	90	0/12951	0
ELRC-841-Employment_Poland_20	v1	2712	0/12951	0
ELRC-843-collection_reports_G	v1	14622	0/12951	0
ELRC-844-PAeSI__Administratio	v1	360	0/12951	0
ELRC-846-Legislation_Portugue	v1	1550	0/12951	0
ELRC-847-mst.dk	v1	37397	0/12951	0
ELRC-849-ufm.dk	v1	10105	0/12951	0
ELRC-852-www.dma.dk	v1	2986	0/12951	0
ELRC-853-Portuguese_Constitut	v1	1502	0/12951	0
ELRC-856-naturstyrelsen.dk	v1	3146	0/12951	0
ELRC-857-www.trm.dk	v1	3011	0/12951	0
ELRC-859-um.dk	v1	3060	0/12951	0
ELRC-867-Defence	v1	2464	0/12951	0
ELRC-869-Citizens_Information	v1	2079	0/12951	0
ELRC-871-Agriculture_Rural_De	v1	482	0/12951	0
ELRC-873-Development	v1	79	0/12951	0
ELRC-876-Justice	v1	231	0/12951	0
ELRC-880-Foreign_Affairs	v1	559	0/12951	0
ELRC-882-Culture_Heritage	v1	644	0/12951	0
ELRC-884-Interior_Administrat	v1	625	0/12951	0
ELRC-885-www.aarhus2017.dk	v1	4722	0/12951	0
ELRC-886-www.odense.dk	v1	1425	0/12951	0
ELRC-889-www.visitvejle.com	v1	1483	0/12951	0
ELRC-890-Holstebro_Kunstmuseu	v1	1027	0/12951	0
ELRC-891-www.visitdenmark.dk	v1	1569	0/12951	0
ELRC-892-slks.dk	v1	4946	0/12951	0
ELRC-893-natmus.dk	v1	3972	0/12951	0
ELRC-895-Royal_Danish_Library	v1	1540	0/12951	0
ELRC-897-Denmark_Space_Instit	v1	1944	0/12951	0
ELRC-898-Science_Centre	v1	2265	0/12951	0
ELRC-900-Danish_Working_Envir	v1	1160	0/12951	0
ELRC-901-Denmark_Prosecution_	v1	1122	0/12951	0
ELRC-906-ING_Polish_Art	v1	1397	0/12951	0
ELRC-910-Security_Bureau	v1	1285	0/12951	0
ELRC-915-statistical_reports_	v1	10770	0/12951	0
ELRC-919-akadeemia.ee	v1	8710	0/12951	0
ELRC-928-Annual_Reports_Swedi	v1	10254	0/12951	0
ELRC-929-www.sida.se	v1	1544	0/12951	0
ELRC-936-Prime_Minister_Helle	v1	5355	0/12951	0
ELRC-937-vp1992_2001.presiden	v1	16548	0/12951	0
ELRC-947-Polish_Aid	v1	4581	0/12951	0
ELRC-949-Polish_Tourism_Organ	v1	4354	0/12951	0
ELRC-953-Centre_Nuclear_Resea	v1	2720	0/12951	0
ELRC-958-Centre_Research_Deve	v1	1775	0/12951	0
ELRC-960-Commissioner_Human_R	v1	1396	0/12951	0
ELRC-966-Institute_Mathematic	v1	1318	0/12951	0
ELRC-968-Digital_Affairs	v1	956	0/12951	0
ELRC-970-geoportal.gov.pl	v1	641	0/12951	0
ELRC-977-State_Marine_Acciden	v1	692	0/12951	0
ELRC-981-Digital_Archives	v1	617	0/12951	0
ELRC-989-Foreign_Affairs_Croa	v1	2958	0/12951	0
ELRC-991-Croatian_Journal_Fis	v1	2417	0/12951	0
ELRC-992-Rural_Development_Pr	v1	4940	0/12951	0
ELRC-996-nature_protection_st	v1	979	0/12951	0
ELRC-Arquitectura_2007	v1	153	0/12951	0
ELRC-Artigos_visitportuga	v1	1619	0/12951	0
ELRC-Coimisineir_Teanga	v1	2297	0/12951	0
ELRC-Courts_Norway	v1	1698	0/12951	0
ELRC-EUIPO_list	v1	48709	0/12951	0
ELRC-Financial_Stability	v1	5657	0/12951	0
ELRC-Foreign_Affairs	v1	3512	0/12951	0
ELRC-Localidades_2007	v1	1825	0/12951	0
ELRC-Museus_2007	v1	1177	0/12951	0
ELRC-Norwegian_Directorat	v1	2832	0/12951	0
ELRC-Parques_e	v1	289	0/12951	0
ELRC-Patrimnio_Aores	v1	65	0/12951	0
ELRC-PIO_Publication	v1	4536	0/12951	0
ELRC-Portuguese_legislati	v1	2485	0/12951	0
ELRC-Praias_2007	v1	734	0/12951	0
ELRC-Preasriteas_faoi	v1	48	0/12951	0
ELRC-Preasritis_Gaois	v1	1246	0/12951	0
ELRC-Ritis_Airgeadais	v1	1256	0/12951	0
ELRC-Swedish_Migration	v1	8318	0/12951	0
ELRC-vaccination	v1	515	0/12951	0
ELRC-www.nordisketax.net	v1	1293	0/12951	0
MultiUN	v1	12514685	0/12951	0
PHP	v1	0	0/12951	0
RF	v1	181	0/12951	0
Tanzil	v1	137432	0/12951	0
tico-19	v2020-10-28	3344	0/12951	0
Ubuntu	v14.10	3	0/12951	0
WikiSource	v1	33858	0/12951	0
WMT-News	v2014	0	0/12951	0
WMT-News	v2019	3004	0/12951	0
XhosaNavy	v1	49263	0/12951	0
